layer,block_size,target_sparsity,mask_type,sample_pattern,aggregation,local_blocks,hybrid_weights,local_budget_overflow_rate,actual_tile_sparsity,attention_tile_work_fraction,kept_attention_mass_mean,kept_attention_mass_p50,kept_attention_mass_p90,dropped_attention_mass_mean,output_l2_relative_mean,output_l2_relative_p90,output_cosine_mean,output_cosine_p10,prob_l1_mean,prob_kl_mean,token_mask_sparsity,quality_pass,strong_quality_pass,oracle_gap_mass,oracle_gap_l2
12,16,0.4,dense,none,none,0,none,0.0,0.0,1.0,1.0,1.0,1.0000001192092896,1.0976302089460432e-09,0.0,0.0,1.0,0.9999998807907104,0.0,0.0,0.4990234375,False,False,-0.04192465543746948,-0.051240600645542145
12,16,0.4,random,none,none,0,none,0.0,0.40354437229437234,0.5964556277056277,0.5843032002449036,0.6301215887069702,0.9762095212936401,0.4156968593597412,0.5032879710197449,1.0528186559677124,0.8339075446128845,0.39754319190979004,0.8113044500350952,10.10874080657959,0.7011173793247768,False,False,0.37377214431762695,0.45204737037420273
12,16,0.4,mean_pooled_score,none,none,0,none,0.0,0.43560606060606055,0.5643939393939394,0.7657186388969421,0.8401092290878296,0.9987602829933167,0.23428140580654144,0.3785403072834015,1.0,0.9437705874443054,0.9045584797859192,0.4373128116130829,5.761544704437256,0.72271728515625,False,False,0.19235670566558838,0.32729970663785934
12,16,0.4,oracle_block_mass,none,none,0,none,0.0,0.37310606060606055,0.6268939393939394,0.9580753445625305,0.9796634912490845,0.9998530149459839,0.04192473366856575,0.051240600645542145,0.15050186216831207,0.996094286441803,0.9910106658935547,0.0838494673371315,0.8735275268554688,0.6899675641741072,False,False,0.04192465543746948,0.051240600645542145
12,16,0.4,landmark_only,none,none,0,none,0.0,0.37310606060606055,0.6268939393939394,0.8624839186668396,0.9348713159561157,0.9996948838233948,0.1375160962343216,0.22956235706806183,0.681850790977478,0.9884189367294312,0.9754281044006348,0.2750321924686432,3.3308908939361572,0.6913408551897322,False,False,0.09559142589569092,0.17832175642251968
12,16,0.4,antidiagonal_only,anti_diagonal,topk_mean,0,none,0.0,0.37310606060606055,0.6268939393939394,0.9348961710929871,0.9733182787895203,0.9998216032981873,0.06510389596223831,0.09006118029356003,0.22210228443145752,0.9948058128356934,0.9868208169937134,0.13020780682563782,1.458405613899231,0.6911119733537947,False,False,0.023179173469543457,0.03882057964801788
12,16,0.4,antidiagonal_only,anti_diagonal,logsumexp,0,none,0.0,0.37310606060606055,0.6268939393939394,0.9533500671386719,0.9774637818336487,0.9998050928115845,0.046649932861328125,0.05812392011284828,0.17338038980960846,0.9953764081001282,0.9889642596244812,0.09329986572265625,0.9810046553611755,0.6911446707589286,False,False,0.004725277423858643,0.006883319467306137
12,16,0.4,antidiagonal_only,both_diagonals,topk_mean,0,none,0.0,0.37310606060606055,0.6268939393939394,0.9540439248085022,0.9780510663986206,0.9998235702514648,0.04595603793859482,0.05732753500342369,0.17165222764015198,0.9954069256782532,0.9889668226242065,0.09191207587718964,0.9637231230735779,0.6912427629743303,False,False,0.00403141975402832,0.006086934357881546
12,16,0.4,antidiagonal_only,both_diagonals,logsumexp,0,none,0.0,0.37310606060606055,0.6268939393939394,0.9546981453895569,0.9780563116073608,0.9998151063919067,0.045301806181669235,0.05580010265111923,0.16497239470481873,0.9956477284431458,0.9895970821380615,0.09060361236333847,0.9491419792175293,0.6913735525948661,False,False,0.003377199172973633,0.004559502005577087
12,16,0.4,hybrid,anti_diagonal,topk_mean,2,L0.70_A0.30,0.09375,0.37310606060606055,0.6268939393939394,0.8744043707847595,0.9541606307029724,0.9997515082359314,0.12559561431407928,0.20673587918281555,0.6405359506607056,0.9875398278236389,0.9791674613952637,0.25119122862815857,3.024585247039795,0.69140625,False,False,0.083670973777771,0.1554952785372734
12,16,0.4,hybrid,anti_diagonal,logsumexp,2,L0.70_A0.30,0.09375,0.37310606060606055,0.6268939393939394,0.914638340473175,0.9713714122772217,0.9997585415840149,0.08536164462566376,0.13219210505485535,0.2723376750946045,0.9898200631141663,0.984674334526062,0.17072328925132751,1.983131766319275,0.69140625,False,False,0.04343700408935547,0.0809515044093132
12,16,0.4,hybrid,both_diagonals,topk_mean,2,L0.70_A0.30,0.09375,0.37310606060606055,0.6268939393939394,0.893826425075531,0.9654983878135681,0.999763011932373,0.10617350041866302,0.17030955851078033,0.46475404500961304,0.9885610938072205,0.9820125699043274,0.21234700083732605,2.5224173069000244,0.69140625,False,False,0.06424891948699951,0.11906895786523819
12,16,0.4,hybrid,both_diagonals,logsumexp,2,L0.70_A0.30,0.09375,0.37310606060606055,0.6268939393939394,0.9175172448158264,0.9718325138092041,0.9997621774673462,0.08248274028301239,0.12521187961101532,0.264663964509964,0.9905734062194824,0.984775960445404,0.16496548056602478,1.9078714847564697,0.69140625,False,False,0.0405580997467041,0.07397127896547318
12,16,0.4,hybrid,anti_diagonal,topk_mean,2,L0.70_A0.30_R0.10,0.09375,0.37310606060606055,0.6268939393939394,0.8684660792350769,0.9508280754089355,0.9997441172599792,0.1315339058637619,0.21892394125461578,0.6832864880561829,0.9865957498550415,0.978692889213562,0.2630678117275238,3.1800572872161865,0.69140625,False,False,0.08960926532745361,0.16768334060907364
12,16,0.4,hybrid,anti_diagonal,logsumexp,2,L0.70_A0.30_R0.10,0.09375,0.37310606060606055,0.6268939393939394,0.9121509790420532,0.9714207649230957,0.9997630715370178,0.08784888684749603,0.13858415186405182,0.28678765892982483,0.9895333647727966,0.9844944477081299,0.17569777369499207,2.0495238304138184,0.69140625,False,False,0.045924365520477295,0.08734355121850967
12,16,0.4,hybrid,both_diagonals,topk_mean,2,L0.70_A0.30_R0.10,0.09375,0.37310606060606055,0.6268939393939394,0.890058696269989,0.9636386632919312,0.9997649788856506,0.1099412813782692,0.17785076797008514,0.5081833004951477,0.9884175062179565,0.9815148711204529,0.2198825627565384,2.620598316192627,0.69140625,False,False,0.0680166482925415,0.126610167324543
12,16,0.4,hybrid,both_diagonals,logsumexp,2,L0.70_A0.30_R0.10,0.09375,0.37310606060606055,0.6268939393939394,0.9152717590332031,0.971619725227356,0.9997645616531372,0.08472826331853867,0.12993738055229187,0.27553457021713257,0.9903969168663025,0.9844944477081299,0.16945652663707733,1.9666138887405396,0.69140625,False,False,0.04280358552932739,0.07869677990674973
12,16,0.4,hybrid,anti_diagonal,topk_mean,2,L0.50_A0.50,0.09375,0.37310606060606055,0.6268939393939394,0.8892903923988342,0.9639133810997009,0.9997880458831787,0.11070948839187622,0.17704971134662628,0.5158932209014893,0.9892416000366211,0.9813487529754639,0.22141900658607483,2.639998197555542,0.69140625,False,False,0.06878495216369629,0.12580911070108414
12,16,0.4,hybrid,anti_diagonal,logsumexp,2,L0.50_A0.50,0.09375,0.37310606060606055,0.6268939393939394,0.9390926957130432,0.9760186076164246,0.9997909665107727,0.06090722605586052,0.08482079207897186,0.18414168059825897,0.991726279258728,0.9881879687309265,0.12181446701288223,1.3497389554977417,0.69140625,False,False,0.018982648849487305,0.03358019143342972
12,16,0.4,hybrid,both_diagonals,topk_mean,2,L0.50_A0.50,0.09375,0.37310606060606055,0.6268939393939394,0.9265302419662476,0.9740680456161499,0.999793529510498,0.07346972078084946,0.10931386798620224,0.22194752097129822,0.9911289215087891,0.9858276844024658,0.1469394713640213,1.677581548690796,0.69140625,False,False,0.03154510259628296,0.058073267340660095
12,16,0.4,hybrid,both_diagonals,logsumexp,2,L0.50_A0.50,0.09375,0.37310606060606055,0.6268939393939394,0.9406452178955078,0.9761862754821777,0.9997973442077637,0.059354815632104874,0.08196289837360382,0.18185092508792877,0.9917582869529724,0.98817378282547,0.11870963871479034,1.3102229833602905,0.69140625,False,False,0.017430126667022705,0.030722297728061676
12,16,0.4,hybrid,anti_diagonal,topk_mean,2,L0.50_A0.50_R0.10,0.09375,0.37310606060606055,0.6268939393939394,0.8843607902526855,0.9627728462219238,0.9997867941856384,0.11563921719789505,0.18738815188407898,0.5565329194068909,0.9884526133537292,0.9810356497764587,0.2312784492969513,2.7691383361816406,0.69140625,False,False,0.07371455430984497,0.13614755123853683
12,16,0.4,hybrid,anti_diagonal,logsumexp,2,L0.50_A0.50_R0.10,0.09375,0.37310606060606055,0.6268939393939394,0.9368329644203186,0.9761414527893066,0.9997918605804443,0.063167043030262,0.08995205909013748,0.19265010952949524,0.9916437268257141,0.9879368543624878,0.126334086060524,1.4096077680587769,0.69140625,False,False,0.021242380142211914,0.03871145844459534
12,16,0.4,hybrid,both_diagonals,topk_mean,2,L0.50_A0.50_R0.10,0.09375,0.37310606060606055,0.6268939393939394,0.9239684343338013,0.9738251566886902,0.9997895956039429,0.07603154331445694,0.1136506125330925,0.23541732132434845,0.9910726547241211,0.9857114553451538,0.15206308662891388,1.743760347366333,0.69140625,False,False,0.03410691022872925,0.062410011887550354
12,16,0.4,hybrid,both_diagonals,logsumexp,2,L0.50_A0.50_R0.10,0.09375,0.37310606060606055,0.6268939393939394,0.9397141337394714,0.9762037396430969,0.9997925758361816,0.060285914689302444,0.08355037868022919,0.1836337447166443,0.9917759895324707,0.98817378282547,0.12057183682918549,1.3341792821884155,0.69140625,False,False,0.018361210823059082,0.03230977803468704
12,16,0.4,hybrid,anti_diagonal,topk_mean,2,L0.30_A0.70,0.09375,0.37310606060606055,0.6268939393939394,0.9041512608528137,0.9696721434593201,0.9998108744621277,0.09584882110357285,0.14881588518619537,0.3588505983352661,0.9902698397636414,0.9835708141326904,0.1916976422071457,2.256413698196411,0.69140625,False,False,0.0539240837097168,0.09757528454065323
12,16,0.4,hybrid,anti_diagonal,logsumexp,2,L0.30_A0.70,0.09375,0.37310606060606055,0.6268939393939394,0.9435803294181824,0.9771281480789185,0.999809205532074,0.056419599801301956,0.07721120119094849,0.17232926189899445,0.9919494986534119,0.9889327883720398,0.11283919960260391,1.234886884689331,0.69140625,False,False,0.014495015144348145,0.02597060054540634
12,16,0.4,hybrid,both_diagonals,topk_mean,2,L0.30_A0.70,0.09375,0.37310606060606055,0.6268939393939394,0.9376530051231384,0.9762601852416992,0.9998211860656738,0.06234704330563545,0.08768988400697708,0.19255231320858002,0.9916523694992065,0.9876431226730347,0.1246940866112709,1.3884586095809937,0.69140625,False,False,0.02042233943939209,0.036449283361434937
12,16,0.4,hybrid,both_diagonals,logsumexp,2,L0.30_A0.70,0.09375,0.37310606060606055,0.6268939393939394,0.9438793063163757,0.9773563146591187,0.9998106360435486,0.05612071231007576,0.07693823426961899,0.17145109176635742,0.9919819235801697,0.9892240166664124,0.11224142462015152,1.22858464717865,0.69140625,False,False,0.014196038246154785,0.025697633624076843
12,16,0.4,hybrid,anti_diagonal,topk_mean,2,L0.30_A0.70_R0.10,0.09375,0.37310606060606055,0.6268939393939394,0.9004711508750916,0.9692665934562683,0.9998099207878113,0.09952884167432785,0.15696898102760315,0.40303272008895874,0.9900185465812683,0.9832881093025208,0.1990576833486557,2.3526158332824707,0.69140625,False,False,0.057604193687438965,0.105728380382061
12,16,0.4,hybrid,anti_diagonal,logsumexp,2,L0.30_A0.70_R0.10,0.09375,0.37310606060606055,0.6268939393939394,0.943573534488678,0.9771872758865356,0.9998123049736023,0.05642635002732277,0.07784748822450638,0.17685969173908234,0.9919155836105347,0.9886300563812256,0.11285269260406494,1.235146164894104,0.69140625,False,False,0.014501810073852539,0.026606887578964233
12,16,0.4,hybrid,both_diagonals,topk_mean,2,L0.30_A0.70_R0.10,0.09375,0.37310606060606055,0.6268939393939394,0.9358873963356018,0.9762605428695679,0.9998227953910828,0.06411265581846237,0.09160720556974411,0.19678428769111633,0.9915826916694641,0.9872922897338867,0.12822531163692474,1.4345287084579468,0.69140625,False,False,0.02218794822692871,0.040366604924201965
12,16,0.4,hybrid,both_diagonals,logsumexp,2,L0.30_A0.70_R0.10,0.09375,0.37310606060606055,0.6268939393939394,0.9438814520835876,0.9775533676147461,0.9998092651367188,0.056118547916412354,0.07759980112314224,0.17637532949447632,0.9919430017471313,0.9885637164115906,0.1122371032834053,1.2284892797470093,0.69140625,False,False,0.014193892478942871,0.026359200477600098
12,16,0.4,adaptive_hybrid_m0.90,anti_diagonal,topk_mean,2,L0.45_A0.45_R0.10,1.0,0.4185606060606061,0.5814393939393939,0.8433855175971985,0.9252945184707642,0.9997147917747498,0.1566145271062851,0.25760576128959656,0.7688019871711731,0.9823951125144958,0.9680026769638062,0.3132290840148926,3.771494150161743,0.71484375,False,False,0.11468982696533203,0.2063651606440544
12,16,0.4,adaptive_hybrid_m0.90,anti_diagonal,logsumexp,2,L0.45_A0.45_R0.10,1.0,0.4185606060606061,0.5814393939393939,0.9050833582878113,0.9658325910568237,0.9997356534004211,0.09491661936044693,0.13943955302238464,0.31893807649612427,0.9865169525146484,0.9757022261619568,0.18983323872089386,2.168168783187866,0.71484375,False,False,0.05299198627471924,0.0881989523768425
12,16,0.4,adaptive_hybrid_m0.90,both_diagonals,topk_mean,2,L0.45_A0.45_R0.10,1.0,0.4185606060606061,0.5814393939393939,0.8845509886741638,0.9574059247970581,0.9997296333312988,0.1154489740729332,0.17918017506599426,0.4514099359512329,0.9853945374488831,0.9728465676307678,0.2308979481458664,2.7016751766204834,0.71484375,False,False,0.0735243558883667,0.12793957442045212
12,16,0.4,adaptive_hybrid_m0.90,both_diagonals,logsumexp,2,L0.45_A0.45_R0.10,1.0,0.4185606060606061,0.5814393939393939,0.9070318341255188,0.9656906127929688,0.9997451901435852,0.09296820312738419,0.13534951210021973,0.30565690994262695,0.9865787625312805,0.9757463932037354,0.18593640625476837,2.117910146713257,0.71484375,False,False,0.05104351043701172,0.08410891145467758
12,16,0.4,adaptive_hybrid_m0.95,anti_diagonal,topk_mean,2,L0.45_A0.45_R0.10,1.0,0.4185606060606061,0.5814393939393939,0.8433855175971985,0.9252945184707642,0.9997147917747498,0.1566145271062851,0.25760576128959656,0.7688019871711731,0.9823951125144958,0.9680026769638062,0.3132290840148926,3.771494150161743,0.71484375,False,False,0.11468982696533203,0.2063651606440544
12,16,0.4,adaptive_hybrid_m0.95,anti_diagonal,logsumexp,2,L0.45_A0.45_R0.10,1.0,0.4185606060606061,0.5814393939393939,0.9050833582878113,0.9658325910568237,0.9997356534004211,0.09491661936044693,0.13943955302238464,0.31893807649612427,0.9865169525146484,0.9757022261619568,0.18983323872089386,2.168168783187866,0.71484375,False,False,0.05299198627471924,0.0881989523768425
12,16,0.4,adaptive_hybrid_m0.95,both_diagonals,topk_mean,2,L0.45_A0.45_R0.10,1.0,0.4185606060606061,0.5814393939393939,0.8845509886741638,0.9574059247970581,0.9997296333312988,0.1154489740729332,0.17918017506599426,0.4514099359512329,0.9853945374488831,0.9728465676307678,0.2308979481458664,2.7016751766204834,0.71484375,False,False,0.0735243558883667,0.12793957442045212
12,16,0.4,adaptive_hybrid_m0.95,both_diagonals,logsumexp,2,L0.45_A0.45_R0.10,1.0,0.4185606060606061,0.5814393939393939,0.9070318341255188,0.9656906127929688,0.9997451901435852,0.09296820312738419,0.13534951210021973,0.30565690994262695,0.9865787625312805,0.9757463932037354,0.18593640625476837,2.117910146713257,0.71484375,False,False,0.05104351043701172,0.08410891145467758
12,16,0.5,dense,none,none,0,none,0.0,0.0,1.0,1.0,1.0,1.0000001192092896,1.0976302089460432e-09,0.0,0.0,1.0,0.9999998807907104,0.0,0.0,0.4990234375,False,False,-0.07490736246109009,-0.09165766090154648
12,16,0.5,random,none,none,0,none,0.0,0.5047348484848485,0.4952651515151515,0.48054131865501404,0.47274619340896606,0.936265766620636,0.5194586515426636,0.617184579372406,1.146591067314148,0.7809922099113464,0.19866493344306946,1.0054352283477783,12.661639213562012,0.7518877301897322,False,False,0.4445513188838959,0.5255269184708595
12,16,0.5,mean_pooled_score,none,none,0,none,0.0,0.5454545454545454,0.45454545454545453,0.6966168284416199,0.7645955085754395,0.995994508266449,0.3033831715583801,0.46032199263572693,1.0341315269470215,0.9107884168624878,0.8202729821205139,0.5442663431167603,7.441166877746582,0.7787039620535714,False,False,0.22847580909729004,0.36866433173418045
12,16,0.5,oracle_block_mass,none,none,0,none,0.0,0.48484848484848486,0.5151515151515151,0.9250926375389099,0.9589596390724182,0.9994905591011047,0.07490731030702591,0.09165766090154648,0.24149882793426514,0.9873741865158081,0.9766491651535034,0.14981462061405182,1.5988060235977173,0.7465711321149553,False,False,0.07490736246109009,0.09165766090154648
12,16,0.5,landmark_only,none,none,0,none,0.0,0.48484848484848486,0.5151515151515151,0.7919147610664368,0.8552440404891968,0.9986016154289246,0.208085298538208,0.3551805913448334,0.9585478901863098,0.9749462008476257,0.9479705691337585,0.416170597076416,5.042492866516113,0.7487291608537947,False,False,0.13317787647247314,0.2635229304432869
12,16,0.5,antidiagonal_only,anti_diagonal,topk_mean,0,none,0.0,0.48484848484848486,0.5151515151515151,0.8770554661750793,0.9367208480834961,0.9993593692779541,0.12294452637434006,0.17638912796974182,0.42482101917266846,0.9851884841918945,0.9672495126724243,0.2458890676498413,2.8284149169921875,0.7483040945870536,False,False,0.048037171363830566,0.08473146706819534
12,16,0.5,antidiagonal_only,anti_diagonal,logsumexp,0,none,0.0,0.48484848484848486,0.5151515151515151,0.9165590405464172,0.9549187421798706,0.9993363618850708,0.08344097435474396,0.10463301837444305,0.2729446291923523,0.9866499304771423,0.9726375341415405,0.16688194870948792,1.7977925539016724,0.7481733049665178,False,False,0.008533596992492676,0.012975357472896576
12,16,0.5,antidiagonal_only,both_diagonals,topk_mean,0,none,0.0,0.48484848484848486,0.5151515151515151,0.9162660241127014,0.9552747011184692,0.9993909001350403,0.083733931183815,0.10341129451990128,0.2786957621574402,0.9859552383422852,0.9710589647293091,0.16746786236763,1.8053483963012695,0.7484021868024553,False,False,0.008826613426208496,0.011753633618354797
12,16,0.5,antidiagonal_only,both_diagonals,logsumexp,0,none,0.0,0.48484848484848486,0.5151515151515151,0.9168992042541504,0.956576406955719,0.999383807182312,0.08310075104236603,0.10327565670013428,0.26948651671409607,0.9868678450584412,0.9722906351089478,0.16620151698589325,1.7895700931549072,0.7486964634486607,False,False,0.008193433284759521,0.011617995798587799
12,16,0.5,hybrid,anti_diagonal,topk_mean,2,L0.70_A0.30,0.125,0.4829545454545454,0.5170454545454546,0.8099271059036255,0.8835957050323486,0.9994891881942749,0.19007287919521332,0.3109520971775055,0.8926891088485718,0.9798197746276855,0.9593506455421448,0.38014575839042664,4.58450174331665,0.748046875,False,False,0.11516553163528442,0.21929443627595901
12,16,0.5,hybrid,anti_diagonal,logsumexp,2,L0.70_A0.30,0.125,0.4829545454545454,0.5170454545454546,0.8504055738449097,0.9296440482139587,0.9995486736297607,0.14959439635276794,0.23229698836803436,0.6464153528213501,0.9821029305458069,0.9668228626251221,0.2991887927055359,3.5324580669403076,0.748046875,False,False,0.07468706369400024,0.14063932746648788
12,16,0.5,hybrid,both_diagonals,topk_mean,2,L0.70_A0.30,0.125,0.4829545454545454,0.5170454545454546,0.8265814185142517,0.9037010669708252,0.9995430111885071,0.17341864109039307,0.277509868144989,0.8002458810806274,0.9814338088035583,0.9624513387680054,0.34683728218078613,4.1522440910339355,0.748046875,False,False,0.0985112190246582,0.18585220724344254
12,16,0.5,hybrid,both_diagonals,logsumexp,2,L0.70_A0.30,0.125,0.4829545454545454,0.5170454545454546,0.8529979586601257,0.9304418563842773,0.9995483756065369,0.14700201153755188,0.22541587054729462,0.6236371994018555,0.982563316822052,0.9669021368026733,0.29400405287742615,3.464430332183838,0.748046875,False,False,0.07209467887878418,0.13375820964574814
12,16,0.5,hybrid,anti_diagonal,topk_mean,2,L0.70_A0.30_R0.10,0.125,0.4829545454545454,0.5170454545454546,0.803217351436615,0.8730142116546631,0.9994879364967346,0.19678273797035217,0.3278041183948517,0.9450289011001587,0.9791005253791809,0.9572277069091797,0.39356547594070435,4.761609077453613,0.748046875,False,False,0.12187528610229492,0.2361464574933052
12,16,0.5,hybrid,anti_diagonal,logsumexp,2,L0.70_A0.30_R0.10,0.125,0.4829545454545454,0.5170454545454546,0.8476656675338745,0.9272441864013672,0.9995344877243042,0.15233437716960907,0.23936529457569122,0.6779064536094666,0.9819561243057251,0.9662191867828369,0.30466875433921814,3.604663372039795,0.748046875,False,False,0.0774269700050354,0.14770763367414474
12,16,0.5,hybrid,both_diagonals,topk_mean,2,L0.70_A0.30_R0.10,0.125,0.4829545454545454,0.5170454545454546,0.8236050009727478,0.900729775428772,0.9995349049568176,0.17639505863189697,0.2851364016532898,0.8199087977409363,0.9813541769981384,0.9622455835342407,0.35279011726379395,4.2307891845703125,0.748046875,False,False,0.10148763656616211,0.19347874075174332
12,16,0.5,hybrid,both_diagonals,logsumexp,2,L0.70_A0.30_R0.10,0.125,0.4829545454545454,0.5170454545454546,0.8476414084434509,0.9272913932800293,0.999538242816925,0.152358740568161,0.23785081505775452,0.6740551590919495,0.9823101758956909,0.9649598002433777,0.304717481136322,3.6048972606658936,0.748046875,False,False,0.07745122909545898,0.14619315415620804
12,16,0.5,hybrid,anti_diagonal,topk_mean,2,L0.50_A0.50,0.125,0.4829545454545454,0.5170454545454546,0.823509693145752,0.9014846086502075,0.9995583295822144,0.17649026215076447,0.28682518005371094,0.8294450044631958,0.9809258580207825,0.9629726409912109,0.35298052430152893,4.236474990844727,0.748046875,False,False,0.10158294439315796,0.19516751915216446
12,16,0.5,hybrid,anti_diagonal,logsumexp,2,L0.50_A0.50,0.125,0.4829545454545454,0.5170454545454546,0.8900142908096313,0.9523998498916626,0.9996407628059387,0.10998565703630447,0.15530753135681152,0.35344505310058594,0.9854455590248108,0.9730285406112671,0.21997129917144775,2.50390362739563,0.748046875,False,False,0.035078346729278564,0.06364987045526505
12,16,0.5,hybrid,both_diagonals,topk_mean,2,L0.50_A0.50,0.125,0.4829545454545454,0.5170454545454546,0.8659793138504028,0.9387569427490234,0.9996132850646973,0.13402067124843597,0.20217621326446533,0.5255563855171204,0.9842121005058289,0.9694532752037048,0.26804134249687195,3.130495309829712,0.748046875,False,False,0.05911332368850708,0.11051855236291885
12,16,0.5,hybrid,both_diagonals,logsumexp,2,L0.50_A0.50,0.125,0.4829545454545454,0.5170454545454546,0.8922991752624512,0.9538217782974243,0.999630868434906,0.10770082473754883,0.15093044936656952,0.3435514569282532,0.9854760766029358,0.9721892476081848,0.21540164947509766,2.445808172225952,0.748046875,False,False,0.03279346227645874,0.05927278846502304
12,16,0.5,hybrid,anti_diagonal,topk_mean,2,L0.50_A0.50_R0.10,0.125,0.4829545454545454,0.5170454545454546,0.8187791109085083,0.8938979506492615,0.9995593428611755,0.1812208890914917,0.29613304138183594,0.8483869433403015,0.9808258414268494,0.9625301957130432,0.3624417781829834,4.358724117279053,0.748046875,False,False,0.10631352663040161,0.20447538048028946
12,16,0.5,hybrid,anti_diagonal,logsumexp,2,L0.50_A0.50_R0.10,0.125,0.4829545454545454,0.5170454545454546,0.8869190216064453,0.9521045684814453,0.9996435642242432,0.11308099329471588,0.16170914471149445,0.3737916648387909,0.9852270483970642,0.9725280404090881,0.22616198658943176,2.585294723510742,0.748046875,False,False,0.0381736159324646,0.07005148380994797
12,16,0.5,hybrid,both_diagonals,topk_mean,2,L0.50_A0.50_R0.10,0.125,0.4829545454545454,0.5170454545454546,0.8601127862930298,0.9365248680114746,0.9996042251586914,0.13988719880580902,0.2136279046535492,0.5802984237670898,0.983992874622345,0.9685512185096741,0.27977439761161804,3.2830989360809326,0.748046875,False,False,0.06497985124588013,0.12197024375200272
12,16,0.5,hybrid,both_diagonals,logsumexp,2,L0.50_A0.50_R0.10,0.125,0.4829545454545454,0.5170454545454546,0.8893139958381653,0.9529955387115479,0.9996376037597656,0.11068600416183472,0.1571439653635025,0.3622160851955414,0.9854425191879272,0.9723608493804932,0.22137200832366943,2.5243208408355713,0.748046875,False,False,0.03577864170074463,0.06548630446195602
12,16,0.5,hybrid,anti_diagonal,topk_mean,2,L0.30_A0.70,0.125,0.4829545454545454,0.5170454545454546,0.8396105170249939,0.9185801148414612,0.9996517896652222,0.1603894680738449,0.25453469157218933,0.7363817095756531,0.9827756881713867,0.9660601019859314,0.3207789361476898,3.816763162612915,0.748046875,False,False,0.08548212051391602,0.16287703067064285
12,16,0.5,hybrid,anti_diagonal,logsumexp,2,L0.30_A0.70,0.125,0.4829545454545454,0.5170454545454546,0.9062122702598572,0.9580267667770386,0.9996517300605774,0.09378775209188461,0.12539269030094147,0.27626296877861023,0.9861883521080017,0.9760993719100952,0.18757550418376923,2.0818843841552734,0.748046875,False,False,0.018880367279052734,0.03373502939939499
12,16,0.5,hybrid,both_diagonals,topk_mean,2,L0.30_A0.70,0.125,0.4829545454545454,0.5170454545454546,0.8911208510398865,0.9527536034584045,0.9996647834777832,0.10887911170721054,0.15533281862735748,0.35057228803634644,0.9854068160057068,0.9710663557052612,0.21775822341442108,2.4772441387176514,0.748046875,False,False,0.03397178649902344,0.063675157725811
12,16,0.5,hybrid,both_diagonals,logsumexp,2,L0.30_A0.70,0.125,0.4829545454545454,0.5170454545454546,0.9066476821899414,0.9589360356330872,0.9996606111526489,0.0933523178100586,0.12493570148944855,0.27699756622314453,0.9862165451049805,0.9752289056777954,0.1867046356201172,2.072786569595337,0.748046875,False,False,0.018444955348968506,0.03327804058790207
12,16,0.5,hybrid,anti_diagonal,topk_mean,2,L0.30_A0.70_R0.10,0.125,0.4829545454545454,0.5170454545454546,0.8379598259925842,0.9174264669418335,0.9996479153633118,0.1620400995016098,0.2580728530883789,0.7512228488922119,0.9825736880302429,0.9655939340591431,0.3240801990032196,3.8599627017974854,0.748046875,False,False,0.08713281154632568,0.16641519218683243
12,16,0.5,hybrid,anti_diagonal,logsumexp,2,L0.30_A0.70_R0.10,0.125,0.4829545454545454,0.5170454545454546,0.9057449102401733,0.9579130411148071,0.9996463656425476,0.09425513446331024,0.1261938065290451,0.2779993712902069,0.9861792325973511,0.9758141040802002,0.18851028382778168,2.0935559272766113,0.748046875,False,False,0.019347727298736572,0.03453614562749863
12,16,0.5,hybrid,both_diagonals,topk_mean,2,L0.30_A0.70_R0.10,0.125,0.4829545454545454,0.5170454545454546,0.8871654868125916,0.9516324996948242,0.9996582865715027,0.11283444613218307,0.16324153542518616,0.3671872317790985,0.9852429628372192,0.9708581566810608,0.22566892206668854,2.5803582668304443,0.748046875,False,False,0.03792715072631836,0.07158387452363968
12,16,0.5,hybrid,both_diagonals,logsumexp,2,L0.30_A0.70_R0.10,0.125,0.4829545454545454,0.5170454545454546,0.9065613150596619,0.9588140249252319,0.9996621608734131,0.0934387594461441,0.12562088668346405,0.27930906414985657,0.9861089587211609,0.9751867055892944,0.18687750399112701,2.075212240219116,0.748046875,False,False,0.018531322479248047,0.03396322578191757
12,16,0.5,adaptive_hybrid_m0.90,anti_diagonal,topk_mean,2,L0.45_A0.45_R0.10,1.0,0.4185606060606061,0.5814393939393939,0.8433855175971985,0.9252945184707642,0.9997147917747498,0.1566145271062851,0.25760576128959656,0.7688019871711731,0.9823951125144958,0.9680026769638062,0.3132290840148926,3.771494150161743,0.71484375,False,False,0.08170711994171143,0.16594810038805008
12,16,0.5,adaptive_hybrid_m0.90,anti_diagonal,logsumexp,2,L0.45_A0.45_R0.10,1.0,0.4185606060606061,0.5814393939393939,0.9050833582878113,0.9658325910568237,0.9997356534004211,0.09491661936044693,0.13943955302238464,0.31893807649612427,0.9865169525146484,0.9757022261619568,0.18983323872089386,2.168168783187866,0.71484375,False,False,0.020009279251098633,0.047781892120838165
12,16,0.5,adaptive_hybrid_m0.90,both_diagonals,topk_mean,2,L0.45_A0.45_R0.10,1.0,0.4185606060606061,0.5814393939393939,0.8845509886741638,0.9574059247970581,0.9997296333312988,0.1154489740729332,0.17918017506599426,0.4514099359512329,0.9853945374488831,0.9728465676307678,0.2308979481458664,2.7016751766204834,0.71484375,False,False,0.040541648864746094,0.08752251416444778
12,16,0.5,adaptive_hybrid_m0.90,both_diagonals,logsumexp,2,L0.45_A0.45_R0.10,1.0,0.4185606060606061,0.5814393939393939,0.9070318341255188,0.9656906127929688,0.9997451901435852,0.09296820312738419,0.13534951210021973,0.30565690994262695,0.9865787625312805,0.9757463932037354,0.18593640625476837,2.117910146713257,0.71484375,False,False,0.018060803413391113,0.04369185119867325
12,16,0.5,adaptive_hybrid_m0.95,anti_diagonal,topk_mean,2,L0.45_A0.45_R0.10,1.0,0.4185606060606061,0.5814393939393939,0.8433855175971985,0.9252945184707642,0.9997147917747498,0.1566145271062851,0.25760576128959656,0.7688019871711731,0.9823951125144958,0.9680026769638062,0.3132290840148926,3.771494150161743,0.71484375,False,False,0.08170711994171143,0.16594810038805008
12,16,0.5,adaptive_hybrid_m0.95,anti_diagonal,logsumexp,2,L0.45_A0.45_R0.10,1.0,0.4185606060606061,0.5814393939393939,0.9050833582878113,0.9658325910568237,0.9997356534004211,0.09491661936044693,0.13943955302238464,0.31893807649612427,0.9865169525146484,0.9757022261619568,0.18983323872089386,2.168168783187866,0.71484375,False,False,0.020009279251098633,0.047781892120838165
12,16,0.5,adaptive_hybrid_m0.95,both_diagonals,topk_mean,2,L0.45_A0.45_R0.10,1.0,0.4185606060606061,0.5814393939393939,0.8845509886741638,0.9574059247970581,0.9997296333312988,0.1154489740729332,0.17918017506599426,0.4514099359512329,0.9853945374488831,0.9728465676307678,0.2308979481458664,2.7016751766204834,0.71484375,False,False,0.040541648864746094,0.08752251416444778
12,16,0.5,adaptive_hybrid_m0.95,both_diagonals,logsumexp,2,L0.45_A0.45_R0.10,1.0,0.4185606060606061,0.5814393939393939,0.9070318341255188,0.9656906127929688,0.9997451901435852,0.09296820312738419,0.13534951210021973,0.30565690994262695,0.9865787625312805,0.9757463932037354,0.18593640625476837,2.117910146713257,0.71484375,False,False,0.018060803413391113,0.04369185119867325
12,16,0.6,dense,none,none,0,none,0.0,0.0,1.0,1.0,1.0,1.0000001192092896,1.0976302089460432e-09,0.0,0.0,1.0,0.9999998807907104,0.0,0.0,0.4990234375,False,False,-0.10339480638504028,-0.12097810953855515
12,16,0.6,random,none,none,0,none,0.0,0.6025432900432901,0.39745670995670995,0.3806295394897461,0.32654428482055664,0.8722415566444397,0.6193704605102539,0.7279216051101685,1.2439311742782593,0.7113327980041504,0.044100914150476456,1.180705189704895,15.13340950012207,0.8009469168526786,False,False,0.5159756541252136,0.6069434955716133
12,16,0.6,mean_pooled_score,none,none,0,none,0.0,0.6363636363636364,0.36363636363636365,0.6485456228256226,0.7012687921524048,0.9897204637527466,0.35145440697669983,0.532914400100708,1.1883699893951416,0.9019126296043396,0.7643741965293884,0.6404088139533997,8.575288772583008,0.8253173828125,False,False,0.24805957078933716,0.41193629056215286
12,16,0.6,oracle_block_mass,none,none,0,none,0.0,0.5757575757575757,0.42424242424242425,0.8966051936149597,0.9367460012435913,0.999133825302124,0.10339484363794327,0.12097810953855515,0.32664862275123596,0.9825754165649414,0.9597454071044922,0.20678968727588654,2.221113920211792,0.7932172502790178,False,False,0.10339480638504028,0.12097810953855515
12,16,0.6,landmark_only,none,none,0,none,0.0,0.5757575757575757,0.42424242424242425,0.7481046915054321,0.8017940521240234,0.997402548789978,0.25189530849456787,0.42187997698783875,1.0926543474197388,0.9700469970703125,0.9326480627059937,0.5037906169891357,6.079417705535889,0.7953425816127232,False,False,0.1485005021095276,0.3009018674492836
12,16,0.6,antidiagonal_only,anti_diagonal,topk_mean,0,none,0.0,0.5757575757575757,0.42424242424242425,0.8265320658683777,0.8856089115142822,0.9989134669303894,0.17346780002117157,0.24884536862373352,0.620801568031311,0.9799308776855469,0.9476132392883301,0.34693560004234314,4.032631874084473,0.7950156075613839,False,False,0.07007312774658203,0.12786725908517838
12,16,0.6,antidiagonal_only,anti_diagonal,logsumexp,0,none,0.0,0.5757575757575757,0.42424242424242425,0.8847392797470093,0.9310858845710754,0.9990061521530151,0.11526072025299072,0.1383393555879593,0.37129780650138855,0.9810901284217834,0.9514861106872559,0.23052144050598145,2.504194498062134,0.7946232386997768,False,False,0.01186591386795044,0.017361246049404144
12,16,0.6,antidiagonal_only,both_diagonals,topk_mean,0,none,0.0,0.5757575757575757,0.42424242424242425,0.8810834884643555,0.9276639819145203,0.9990639090538025,0.11891645938158035,0.14493761956691742,0.379842609167099,0.9807854294776917,0.9513001441955566,0.2378329187631607,2.6033058166503906,0.7950156075613839,False,False,0.015521705150604248,0.023959510028362274
12,16,0.6,antidiagonal_only,both_diagonals,logsumexp,0,none,0.0,0.5757575757575757,0.42424242424242425,0.8857619166374207,0.932684063911438,0.9990558624267578,0.11423807591199875,0.13736385107040405,0.35707587003707886,0.9820578694343567,0.9547573328018188,0.2284761518239975,2.4806067943573,0.7953425816127232,False,False,0.010843276977539062,0.016385741531848907
12,16,0.6,hybrid,anti_diagonal,topk_mean,2,L0.70_A0.30,0.15625,0.5738636363636364,0.42613636363636365,0.7633087038993835,0.8222591876983643,0.9990261197090149,0.23669131100177765,0.3853466808795929,1.0326180458068848,0.9747428894042969,0.9442315697669983,0.4733826220035553,5.694984436035156,0.794921875,False,False,0.13329648971557617,0.26436857134103775
12,16,0.6,hybrid,anti_diagonal,logsumexp,2,L0.70_A0.30,0.15625,0.5738636363636364,0.42613636363636365,0.7995561361312866,0.8807157278060913,0.999224841594696,0.20044384896755219,0.3109714388847351,0.8505947589874268,0.9763841032981873,0.9475681781768799,0.40088769793510437,4.752718925476074,0.794921875,False,False,0.0970490574836731,0.18999332934617996
12,16,0.6,hybrid,both_diagonals,topk_mean,2,L0.70_A0.30,0.15625,0.5738636363636364,0.42613636363636365,0.781579852104187,0.8500792980194092,0.9991537928581238,0.2184201180934906,0.34568390250205994,0.9510583877563477,0.9760749936103821,0.9450207948684692,0.4368402361869812,5.217569828033447,0.794921875,False,False,0.1150253415107727,0.2247057929635048
12,16,0.6,hybrid,both_diagonals,logsumexp,2,L0.70_A0.30,0.15625,0.5738636363636364,0.42613636363636365,0.7987794876098633,0.87774658203125,0.9992726445198059,0.2012205421924591,0.31181707978248596,0.8524796366691589,0.9766033291816711,0.947018027305603,0.4024410843849182,4.772071838378906,0.794921875,False,False,0.09782570600509644,0.19083897024393082
12,16,0.6,hybrid,anti_diagonal,topk_mean,2,L0.70_A0.30_R0.10,0.15625,0.5738636363636364,0.42613636363636365,0.7561856508255005,0.8140643835067749,0.9990237355232239,0.24381427466869354,0.4008665978908539,1.0736315250396729,0.9742700457572937,0.9417150020599365,0.4876285493373871,5.8820672035217285,0.794921875,False,False,0.14041954278945923,0.27988848835229874
12,16,0.6,hybrid,anti_diagonal,logsumexp,2,L0.70_A0.30_R0.10,0.15625,0.5738636363636364,0.42613636363636365,0.7953889966011047,0.8741850256919861,0.9992371201515198,0.20461103320121765,0.32017797231674194,0.8751254677772522,0.9761059880256653,0.9461441040039062,0.4092220664024353,4.8613481521606445,0.794921875,False,False,0.10121619701385498,0.1991998627781868
12,16,0.6,hybrid,both_diagonals,topk_mean,2,L0.70_A0.30_R0.10,0.15625,0.5738636363636364,0.42613636363636365,0.7775664329528809,0.842587411403656,0.9991567730903625,0.2224336564540863,0.3541564345359802,0.968208372592926,0.9759831428527832,0.9446289539337158,0.4448673129081726,5.322120666503906,0.794921875,False,False,0.11903876066207886,0.23317832499742508
12,16,0.6,hybrid,both_diagonals,logsumexp,2,L0.70_A0.30_R0.10,0.15625,0.5738636363636364,0.42613636363636365,0.7950001358985901,0.8713911771774292,0.9992306232452393,0.20499980449676514,0.3197731077671051,0.8689741492271423,0.9766080975532532,0.9474852681159973,0.4099996089935303,4.87069845199585,0.794921875,False,False,0.10160505771636963,0.19879499822854996
12,16,0.6,hybrid,anti_diagonal,topk_mean,2,L0.50_A0.50,0.15625,0.5738636363636364,0.42613636363636365,0.773805558681488,0.8392935991287231,0.9991844892501831,0.22619447112083435,0.3629663586616516,0.9822719693183899,0.9754913449287415,0.9445759654045105,0.4523889422416687,5.423464775085449,0.794921875,False,False,0.12279963493347168,0.24198824912309647
12,16,0.6,hybrid,anti_diagonal,logsumexp,2,L0.50_A0.50,0.15625,0.5738636363636364,0.42613636363636365,0.8424161672592163,0.9191079139709473,0.9993923902511597,0.15758390724658966,0.22505733370780945,0.5789158344268799,0.9789871573448181,0.9515804648399353,0.3151678144931793,3.6325061321258545,0.794921875,False,False,0.05418902635574341,0.1040792241692543
12,16,0.6,hybrid,both_diagonals,topk_mean,2,L0.50_A0.50,0.15625,0.5738636363636364,0.42613636363636365,0.8077381253242493,0.8835943937301636,0.9993525147438049,0.1922619342803955,0.2920601963996887,0.8018417954444885,0.9777966141700745,0.9490684866905212,0.384523868560791,4.537834644317627,0.794921875,False,False,0.08886706829071045,0.17108208686113358
12,16,0.6,hybrid,both_diagonals,logsumexp,2,L0.50_A0.50,0.15625,0.5738636363636364,0.42613636363636365,0.8435181975364685,0.9180343151092529,0.999428391456604,0.1564818173646927,0.22206534445285797,0.5627690553665161,0.9792627692222595,0.9519942402839661,0.31296366453170776,3.604055166244507,0.794921875,False,False,0.05308699607849121,0.10108723491430283
12,16,0.6,hybrid,anti_diagonal,topk_mean,2,L0.50_A0.50_R0.10,0.15625,0.5738636363636364,0.42613636363636365,0.7717104554176331,0.8329472541809082,0.9991844892501831,0.22828949987888336,0.366376668214798,0.987335205078125,0.9755851030349731,0.9447738528251648,0.4565789997577667,5.477447032928467,0.794921875,False,False,0.12489473819732666,0.24539855867624283
12,16,0.6,hybrid,anti_diagonal,logsumexp,2,L0.50_A0.50_R0.10,0.15625,0.5738636363636364,0.42613636363636365,0.8382417559623718,0.9165736436843872,0.9994056820869446,0.1617582142353058,0.23384782671928406,0.6063038110733032,0.9788660407066345,0.9507150053977966,0.3235164284706116,3.7418973445892334,0.794921875,False,False,0.05836343765258789,0.11286971718072891
12,16,0.6,hybrid,both_diagonals,topk_mean,2,L0.50_A0.50_R0.10,0.15625,0.5738636363636364,0.42613636363636365,0.8035082221031189,0.8786048889160156,0.9993535280227661,0.1964917927980423,0.3020413815975189,0.8236429691314697,0.9775866270065308,0.9485148191452026,0.392983615398407,4.648826599121094,0.794921875,False,False,0.09309697151184082,0.18106327205896378
12,16,0.6,hybrid,both_diagonals,logsumexp,2,L0.50_A0.50_R0.10,0.15625,0.5738636363636364,0.42613636363636365,0.8386982679367065,0.9160642623901367,0.9994252324104309,0.16130173206329346,0.23171940445899963,0.5969513058662415,0.9792843461036682,0.952251672744751,0.3226034641265869,3.73109769821167,0.794921875,False,False,0.057906925678253174,0.11074129492044449
12,16,0.6,hybrid,anti_diagonal,topk_mean,2,L0.30_A0.70,0.15625,0.5738636363636364,0.42613636363636365,0.7888864874839783,0.8580508232116699,0.9993767142295837,0.21111343801021576,0.3294803202152252,0.8912887573242188,0.9771316647529602,0.9466378092765808,0.4222268760204315,5.028454303741455,0.794921875,False,False,0.10771870613098145,0.20850221067667007
12,16,0.6,hybrid,anti_diagonal,logsumexp,2,L0.30_A0.70,0.15625,0.5738636363636364,0.42613636363636365,0.8672841191291809,0.931902289390564,0.9994857907295227,0.13271594047546387,0.17667905986309052,0.4082927107810974,0.9803256988525391,0.956319272518158,0.2654319107532501,2.9772746562957764,0.794921875,False,False,0.02932107448577881,0.05570095032453537
12,16,0.6,hybrid,both_diagonals,topk_mean,2,L0.30_A0.70,0.15625,0.5738636363636364,0.42613636363636365,0.8425430059432983,0.9142240285873413,0.9994924664497375,0.15745708346366882,0.22314877808094025,0.5608342885971069,0.9795286059379578,0.952240526676178,0.31491413712501526,3.6277787685394287,0.794921875,False,False,0.05406218767166138,0.1021706685423851
12,16,0.6,hybrid,both_diagonals,logsumexp,2,L0.30_A0.70,0.15625,0.5738636363636364,0.42613636363636365,0.8678063154220581,0.9329131841659546,0.9994656443595886,0.13219375908374786,0.17655403912067413,0.40403449535369873,0.9803305864334106,0.9566447138786316,0.2643875181674957,2.968252182006836,0.794921875,False,False,0.02879887819290161,0.05557592958211899
12,16,0.6,hybrid,anti_diagonal,topk_mean,2,L0.30_A0.70_R0.10,0.15625,0.5738636363636364,0.42613636363636365,0.7842850685119629,0.8528701066970825,0.9993517398834229,0.2157149612903595,0.33925241231918335,0.928061842918396,0.977201521396637,0.9483833909034729,0.431429922580719,5.1488213539123535,0.794921875,False,False,0.11232012510299683,0.2182743027806282
12,16,0.6,hybrid,anti_diagonal,logsumexp,2,L0.30_A0.70_R0.10,0.15625,0.5738636363636364,0.42613636363636365,0.8652825355529785,0.9304566383361816,0.9994866251945496,0.13471747934818268,0.1794937402009964,0.41387850046157837,0.9801968336105347,0.9554891586303711,0.26943492889404297,3.028533935546875,0.794921875,False,False,0.0313226580619812,0.058515630662441254
12,16,0.6,hybrid,both_diagonals,topk_mean,2,L0.30_A0.70_R0.10,0.15625,0.5738636363636364,0.42613636363636365,0.8373257517814636,0.9105895757675171,0.9994924664497375,0.16267409920692444,0.2344343513250351,0.5951448678970337,0.9794566035270691,0.9517648816108704,0.32534822821617126,3.7654953002929688,0.794921875,False,False,0.059279441833496094,0.11345624178647995
12,16,0.6,hybrid,both_diagonals,logsumexp,2,L0.30_A0.70_R0.10,0.15625,0.5738636363636364,0.42613636363636365,0.8661638498306274,0.9325122237205505,0.9994678497314453,0.1338360756635666,0.17898733913898468,0.4129268527030945,0.9803796410560608,0.9571037888526917,0.2676721513271332,3.0107038021087646,0.794921875,False,False,0.030441343784332275,0.058009229600429535
12,16,0.6,adaptive_hybrid_m0.90,anti_diagonal,topk_mean,2,L0.45_A0.45_R0.10,1.0,0.4185606060606061,0.5814393939393939,0.8433855175971985,0.9252945184707642,0.9997147917747498,0.1566145271062851,0.25760576128959656,0.7688019871711731,0.9823951125144958,0.9680026769638062,0.3132290840148926,3.771494150161743,0.71484375,False,False,0.05321967601776123,0.1366276517510414
12,16,0.6,adaptive_hybrid_m0.90,anti_diagonal,logsumexp,2,L0.45_A0.45_R0.10,1.0,0.4185606060606061,0.5814393939393939,0.9050833582878113,0.9658325910568237,0.9997356534004211,0.09491661936044693,0.13943955302238464,0.31893807649612427,0.9865169525146484,0.9757022261619568,0.18983323872089386,2.168168783187866,0.71484375,False,False,-0.008478164672851562,0.0184614434838295
12,16,0.6,adaptive_hybrid_m0.90,both_diagonals,topk_mean,2,L0.45_A0.45_R0.10,1.0,0.4185606060606061,0.5814393939393939,0.8845509886741638,0.9574059247970581,0.9997296333312988,0.1154489740729332,0.17918017506599426,0.4514099359512329,0.9853945374488831,0.9728465676307678,0.2308979481458664,2.7016751766204834,0.71484375,False,False,0.012054204940795898,0.05820206552743912
12,16,0.6,adaptive_hybrid_m0.90,both_diagonals,logsumexp,2,L0.45_A0.45_R0.10,1.0,0.4185606060606061,0.5814393939393939,0.9070318341255188,0.9656906127929688,0.9997451901435852,0.09296820312738419,0.13534951210021973,0.30565690994262695,0.9865787625312805,0.9757463932037354,0.18593640625476837,2.117910146713257,0.71484375,False,False,-0.010426640510559082,0.014371402561664581
12,16,0.6,adaptive_hybrid_m0.95,anti_diagonal,topk_mean,2,L0.45_A0.45_R0.10,1.0,0.4185606060606061,0.5814393939393939,0.8433855175971985,0.9252945184707642,0.9997147917747498,0.1566145271062851,0.25760576128959656,0.7688019871711731,0.9823951125144958,0.9680026769638062,0.3132290840148926,3.771494150161743,0.71484375,False,False,0.05321967601776123,0.1366276517510414
12,16,0.6,adaptive_hybrid_m0.95,anti_diagonal,logsumexp,2,L0.45_A0.45_R0.10,1.0,0.4185606060606061,0.5814393939393939,0.9050833582878113,0.9658325910568237,0.9997356534004211,0.09491661936044693,0.13943955302238464,0.31893807649612427,0.9865169525146484,0.9757022261619568,0.18983323872089386,2.168168783187866,0.71484375,False,False,-0.008478164672851562,0.0184614434838295
12,16,0.6,adaptive_hybrid_m0.95,both_diagonals,topk_mean,2,L0.45_A0.45_R0.10,1.0,0.4185606060606061,0.5814393939393939,0.8845509886741638,0.9574059247970581,0.9997296333312988,0.1154489740729332,0.17918017506599426,0.4514099359512329,0.9853945374488831,0.9728465676307678,0.2308979481458664,2.7016751766204834,0.71484375,False,False,0.012054204940795898,0.05820206552743912
12,16,0.6,adaptive_hybrid_m0.95,both_diagonals,logsumexp,2,L0.45_A0.45_R0.10,1.0,0.4185606060606061,0.5814393939393939,0.9070318341255188,0.9656906127929688,0.9997451901435852,0.09296820312738419,0.13534951210021973,0.30565690994262695,0.9865787625312805,0.9757463932037354,0.18593640625476837,2.117910146713257,0.71484375,False,False,-0.010426640510559082,0.014371402561664581
23,16,0.4,dense,none,none,0,none,0.0,0.0,1.0,1.0,1.0,1.0000001192092896,4.6399821762577176e-09,0.0,0.0,1.0,0.9999998807907104,0.0,0.0,0.4990234375,False,False,-0.0948973298072815,-0.09839622676372528
23,16,0.4,random,none,none,0,none,0.0,0.40354437229437234,0.5964556277056277,0.577035129070282,0.6027870774269104,0.9513951539993286,0.42296478152275085,0.4226633608341217,0.9245465397834778,0.8564162850379944,0.5292503833770752,0.8258403539657593,10.138833045959473,0.7011173793247768,False,False,0.3280675411224365,0.3242671340703964
23,16,0.4,mean_pooled_score,none,none,0,none,0.0,0.43560606060606055,0.5643939393939394,0.7727328538894653,0.8510845899581909,0.9877095222473145,0.22726716101169586,0.25229233503341675,0.6829541921615601,0.9283905625343323,0.8319482803344727,0.4232843220233917,5.322968482971191,0.7210170200892857,False,False,0.13236981630325317,0.15389610826969147
23,16,0.4,oracle_block_mass,none,none,0,none,0.0,0.37310606060606055,0.6268939393939394,0.9051026701927185,0.9175164699554443,0.9999945759773254,0.09489727765321732,0.09839622676372528,0.20041368901729584,0.9916917085647583,0.9839449524879456,0.18979455530643463,2.055068254470825,0.686370849609375,False,False,0.0948973298072815,0.09839622676372528
23,16,0.4,landmark_only,none,none,0,none,0.0,0.37310606060606055,0.6268939393939394,0.8389159440994263,0.8669750094413757,0.9999893307685852,0.16108404099941254,0.18008002638816833,0.4131532311439514,0.9667494893074036,0.9322370290756226,0.3221680521965027,3.6700313091278076,0.6894771030970982,False,False,0.06618672609329224,0.08168379962444305
23,16,0.4,antidiagonal_only,anti_diagonal,topk_mean,0,none,0.0,0.37310606060606055,0.6268939393939394,0.868559718132019,0.8944858312606812,0.9999893307685852,0.13144031167030334,0.14165379106998444,0.3052622079849243,0.9790884852409363,0.964692234992981,0.2628806233406067,2.9405765533447266,0.6887250627790178,False,False,0.03654295206069946,0.043257564306259155
23,16,0.4,antidiagonal_only,anti_diagonal,logsumexp,0,none,0.0,0.37310606060606055,0.6268939393939394,0.8616618514060974,0.8873155117034912,0.9999886155128479,0.13833819329738617,0.1534423679113388,0.3326146602630615,0.9748984575271606,0.9560686349868774,0.27667638659477234,3.090975284576416,0.6892155238560268,False,False,0.043440818786621094,0.055046141147613525
23,16,0.4,antidiagonal_only,both_diagonals,topk_mean,0,none,0.0,0.37310606060606055,0.6268939393939394,0.87440425157547,0.8955652117729187,0.9999919533729553,0.12559573352336884,0.13045917451381683,0.27683237195014954,0.9857270121574402,0.9721218943595886,0.25119146704673767,2.7920114994049072,0.6903926304408482,False,False,0.030698418617248535,0.03206294775009155
23,16,0.4,antidiagonal_only,both_diagonals,logsumexp,0,none,0.0,0.37310606060606055,0.6268939393939394,0.8719505667686462,0.8943521976470947,0.9999923706054688,0.12804949283599854,0.1352071464061737,0.2936227321624756,0.9839910864830017,0.9697496294975281,0.25609898567199707,2.8481216430664062,0.6903599330357143,False,False,0.033152103424072266,0.036810919642448425
23,16,0.4,hybrid,anti_diagonal,topk_mean,2,L0.70_A0.30,0.09375,0.37310606060606055,0.6268939393939394,0.8339324593544006,0.8658294677734375,0.9999904036521912,0.16606755554676056,0.189271941781044,0.4415428340435028,0.9628861546516418,0.9266196489334106,0.3321351110935211,3.787085771560669,0.69140625,False,False,0.07117021083831787,0.09087571501731873
23,16,0.4,hybrid,anti_diagonal,logsumexp,2,L0.70_A0.30,0.09375,0.37310606060606055,0.6268939393939394,0.8377631902694702,0.8683132529258728,0.9999908804893494,0.16223682463169098,0.18361809849739075,0.42341357469558716,0.9649195075035095,0.9330552816390991,0.32447364926338196,3.687751293182373,0.69140625,False,False,0.06733947992324829,0.08522187173366547
23,16,0.4,hybrid,both_diagonals,topk_mean,2,L0.70_A0.30,0.09375,0.37310606060606055,0.6268939393939394,0.8389654159545898,0.869121789932251,0.9999902844429016,0.161034494638443,0.17941050231456757,0.40681159496307373,0.9674144387245178,0.9399026036262512,0.3220690190792084,3.6579396724700928,0.69140625,False,False,0.06613725423812866,0.08101427555084229
23,16,0.4,hybrid,both_diagonals,logsumexp,2,L0.70_A0.30,0.09375,0.37310606060606055,0.6268939393939394,0.8394244909286499,0.8678076863288879,0.999991238117218,0.1605755090713501,0.17983457446098328,0.40681159496307373,0.9664314389228821,0.9390462636947632,0.3211510181427002,3.6449732780456543,0.69140625,False,False,0.0656781792640686,0.081438347697258
23,16,0.4,hybrid,anti_diagonal,topk_mean,2,L0.70_A0.30_R0.10,0.09375,0.37310606060606055,0.6268939393939394,0.8312310576438904,0.863436222076416,0.9999904036521912,0.168768972158432,0.19338467717170715,0.4501713216304779,0.9615193009376526,0.9233899712562561,0.337537944316864,3.8536927700042725,0.69140625,False,False,0.07387161254882812,0.09498845040798187
23,16,0.4,hybrid,anti_diagonal,logsumexp,2,L0.70_A0.30_R0.10,0.09375,0.37310606060606055,0.6268939393939394,0.8339548110961914,0.8646016120910645,0.9999904036521912,0.16604521870613098,0.19044549763202667,0.4453590214252472,0.9624194502830505,0.9255980253219604,0.33209043741226196,3.7822344303131104,0.69140625,False,False,0.0711478590965271,0.09204927086830139
23,16,0.4,hybrid,both_diagonals,topk_mean,2,L0.70_A0.30_R0.10,0.09375,0.37310606060606055,0.6268939393939394,0.8364433646202087,0.8667715787887573,0.999991238117218,0.16355669498443604,0.18317262828350067,0.41607171297073364,0.966191828250885,0.9351618885993958,0.32711338996887207,3.7199530601501465,0.69140625,False,False,0.06865930557250977,0.08477640151977539
23,16,0.4,hybrid,both_diagonals,logsumexp,2,L0.70_A0.30_R0.10,0.09375,0.37310606060606055,0.6268939393939394,0.8366109132766724,0.8651686906814575,0.9999905824661255,0.16338913142681122,0.18511930108070374,0.4254032373428345,0.9645500779151917,0.9317715764045715,0.32677826285362244,3.7139205932617188,0.69140625,False,False,0.06849175691604614,0.08672307431697845
23,16,0.4,hybrid,anti_diagonal,topk_mean,2,L0.50_A0.50,0.09375,0.37310606060606055,0.6268939393939394,0.8414159417152405,0.8721565008163452,0.9999908804893494,0.15858402848243713,0.18141940236091614,0.41683700680732727,0.9643647074699402,0.9356949329376221,0.31716805696487427,3.605957508087158,0.69140625,False,False,0.06368672847747803,0.08302317559719086
23,16,0.4,hybrid,anti_diagonal,logsumexp,2,L0.50_A0.50,0.09375,0.37310606060606055,0.6268939393939394,0.8463443517684937,0.8743581771850586,0.9999907612800598,0.15365564823150635,0.17397333681583405,0.3909824788570404,0.9674659371376038,0.9417179226875305,0.3073113262653351,3.473601818084717,0.69140625,False,False,0.058758318424224854,0.07557711005210876
23,16,0.4,hybrid,both_diagonals,topk_mean,2,L0.50_A0.50,0.09375,0.37310606060606055,0.6268939393939394,0.8490232825279236,0.8769392967224121,0.9999905824661255,0.15097670257091522,0.16637420654296875,0.36840298771858215,0.9719032049179077,0.9504166841506958,0.30195340514183044,3.4100186824798584,0.69140625,False,False,0.05607938766479492,0.06797797977924347
23,16,0.4,hybrid,both_diagonals,logsumexp,2,L0.50_A0.50,0.09375,0.37310606060606055,0.6268939393939394,0.8494071364402771,0.8772696256637573,0.9999908804893494,0.1505928933620453,0.16882790625095367,0.381172239780426,0.9696966409683228,0.946548581123352,0.3011857867240906,3.3970391750335693,0.69140625,False,False,0.055695533752441406,0.0704316794872284
23,16,0.4,hybrid,anti_diagonal,topk_mean,2,L0.50_A0.50_R0.10,0.09375,0.37310606060606055,0.6268939393939394,0.8397355675697327,0.8701075315475464,0.9999908804893494,0.1602645069360733,0.18430908024311066,0.4238506555557251,0.9636058211326599,0.933332085609436,0.3205290138721466,3.6467769145965576,0.69140625,False,False,0.06536710262298584,0.08591285347938538
23,16,0.4,hybrid,anti_diagonal,logsumexp,2,L0.50_A0.50_R0.10,0.09375,0.37310606060606055,0.6268939393939394,0.8435834646224976,0.8731931447982788,0.9999907612800598,0.15641653537750244,0.17803505063056946,0.40599384903907776,0.9660050272941589,0.9379976391792297,0.3128330707550049,3.5418357849121094,0.69140625,False,False,0.06151920557022095,0.07963882386684418
23,16,0.4,hybrid,both_diagonals,topk_mean,2,L0.50_A0.50_R0.10,0.09375,0.37310606060606055,0.6268939393939394,0.8474429249763489,0.8749374151229858,0.9999905228614807,0.1525571346282959,0.16837453842163086,0.37262266874313354,0.9713658094406128,0.9493822455406189,0.3051142692565918,3.4477908611297607,0.69140625,False,False,0.05765974521636963,0.06997831165790558
23,16,0.4,hybrid,both_diagonals,logsumexp,2,L0.50_A0.50_R0.10,0.09375,0.37310606060606055,0.6268939393939394,0.8481290936470032,0.8756459951400757,0.9999909400939941,0.15187084674835205,0.17019735276699066,0.381879597902298,0.9694857001304626,0.9454967379570007,0.3037417232990265,3.4276950359344482,0.69140625,False,False,0.05697357654571533,0.07180112600326538
23,16,0.4,hybrid,anti_diagonal,topk_mean,2,L0.30_A0.70,0.09375,0.37310606060606055,0.6268939393939394,0.8527830839157104,0.8795334100723267,0.999991774559021,0.1472170203924179,0.1624176949262619,0.35233721137046814,0.9713336825370789,0.9544751644134521,0.2944340109825134,3.3230831623077393,0.69140625,False,False,0.05231958627700806,0.06402146816253662
23,16,0.4,hybrid,anti_diagonal,logsumexp,2,L0.30_A0.70,0.09375,0.37310606060606055,0.6268939393939394,0.8519881367683411,0.8796905279159546,0.9999890327453613,0.14801187813282013,0.1657235473394394,0.3683156967163086,0.9703582525253296,0.9495017528533936,0.29602375626564026,3.3323569297790527,0.69140625,False,False,0.05311453342437744,0.06732732057571411
23,16,0.4,hybrid,both_diagonals,topk_mean,2,L0.30_A0.70,0.09375,0.37310606060606055,0.6268939393939394,0.857518196105957,0.8815202713012695,0.9999915361404419,0.14248177409172058,0.15436124801635742,0.3316178023815155,0.9761614203453064,0.9585119485855103,0.28496354818344116,3.2012710571289062,0.69140625,False,False,0.047584474086761475,0.05596502125263214
23,16,0.4,hybrid,both_diagonals,logsumexp,2,L0.30_A0.70,0.09375,0.37310606060606055,0.6268939393939394,0.8565933108329773,0.8836808204650879,0.999991774559021,0.14340662956237793,0.16019690036773682,0.35340550541877747,0.972614586353302,0.9506810307502747,0.28681325912475586,3.2187094688415527,0.69140625,False,False,0.04850935935974121,0.061800673604011536
23,16,0.4,hybrid,anti_diagonal,topk_mean,2,L0.30_A0.70_R0.10,0.09375,0.37310606060606055,0.6268939393939394,0.8503869771957397,0.8780444860458374,0.9999921321868896,0.14961302280426025,0.16610805690288544,0.36425721645355225,0.9700520634651184,0.9511303901672363,0.2992260456085205,3.3820831775665283,0.69140625,False,False,0.05471569299697876,0.06771183013916016
23,16,0.4,hybrid,anti_diagonal,logsumexp,2,L0.30_A0.70_R0.10,0.09375,0.37310606060606055,0.6268939393939394,0.8496081233024597,0.8772022128105164,0.9999890327453613,0.15039180219173431,0.16987915337085724,0.3814219534397125,0.9687932729721069,0.9442352056503296,0.30078360438346863,3.390488386154175,0.69140625,False,False,0.05549454689025879,0.07148292660713196
23,16,0.4,hybrid,both_diagonals,topk_mean,2,L0.30_A0.70_R0.10,0.09375,0.37310606060606055,0.6268939393939394,0.8544508218765259,0.879729151725769,0.9999911189079285,0.14554913341999054,0.15948684513568878,0.34324029088020325,0.9741615056991577,0.9560012221336365,0.29109829664230347,3.275723695755005,0.69140625,False,False,0.05065184831619263,0.0610906183719635
23,16,0.4,hybrid,both_diagonals,logsumexp,2,L0.30_A0.70_R0.10,0.09375,0.37310606060606055,0.6268939393939394,0.853886067867279,0.8811743259429932,0.999991774559021,0.14611396193504333,0.16404640674591064,0.3683156967163086,0.9713855385780334,0.9477875232696533,0.29222795367240906,3.2831828594207764,0.69140625,False,False,0.05121660232543945,0.06565017998218536
23,16,0.4,adaptive_hybrid_m0.90,anti_diagonal,topk_mean,2,L0.45_A0.45_R0.10,0.9598214285714286,0.4251893939393939,0.5748106060606061,0.794715404510498,0.8376275300979614,0.9999871850013733,0.20528459548950195,0.23539112508296967,0.5886967778205872,0.9494510293006897,0.8648710250854492,0.4105691909790039,4.69750452041626,0.71826171875,False,False,0.11038726568222046,0.13699489831924438
23,16,0.4,adaptive_hybrid_m0.90,anti_diagonal,logsumexp,2,L0.45_A0.45_R0.10,0.9620535714285714,0.4251893939393939,0.5748106060606061,0.7996519804000854,0.8400789499282837,0.9999873638153076,0.20034804940223694,0.22513101994991302,0.552687406539917,0.9537126421928406,0.8803297877311707,0.4006960988044739,4.565003395080566,0.71826171875,False,False,0.10545068979263306,0.12673479318618774
23,16,0.4,adaptive_hybrid_m0.90,both_diagonals,topk_mean,2,L0.45_A0.45_R0.10,0.9642857142857143,0.4251893939393939,0.5748106060606061,0.8004305958747864,0.8434327244758606,0.9999873042106628,0.1995694786310196,0.223701611161232,0.5557507872581482,0.9549506902694702,0.8803297877311707,0.3991389870643616,4.549341678619385,0.71826171875,False,False,0.10467207431793213,0.1253053843975067
23,16,0.4,adaptive_hybrid_m0.90,both_diagonals,logsumexp,2,L0.45_A0.45_R0.10,0.9642857142857143,0.4247835497835498,0.5752164502164502,0.8037773966789246,0.8463186025619507,0.9999882578849792,0.19622257351875305,0.2199905663728714,0.5480297803878784,0.956389844417572,0.8854033946990967,0.39244508743286133,4.4636616706848145,0.7180524553571428,False,False,0.10132527351379395,0.12159433960914612
23,16,0.4,adaptive_hybrid_m0.95,anti_diagonal,topk_mean,2,L0.45_A0.45_R0.10,0.9933035714285714,0.4185606060606061,0.5814393939393939,0.797042727470398,0.8398158550262451,0.9999871850013733,0.20295734703540802,0.2333502471446991,0.5883681774139404,0.949800431728363,0.8654634952545166,0.40591469407081604,4.644896507263184,0.71484375,False,False,0.10805994272232056,0.13495402038097382
23,16,0.4,adaptive_hybrid_m0.95,anti_diagonal,logsumexp,2,L0.45_A0.45_R0.10,0.9933035714285714,0.4188311688311688,0.5811688311688312,0.8017825484275818,0.843238115310669,0.9999873638153076,0.1982174813747406,0.22304536402225494,0.5501104593276978,0.954260528087616,0.8819093704223633,0.3964349627494812,4.517212390899658,0.7149832589285714,False,False,0.10332012176513672,0.12464913725852966
23,16,0.4,adaptive_hybrid_m0.95,both_diagonals,topk_mean,2,L0.45_A0.45_R0.10,0.9977678571428571,0.4186958874458875,0.5813041125541125,0.802387535572052,0.8461368083953857,0.9999873042106628,0.1976124495267868,0.22186113893985748,0.5534084439277649,0.9552026391029358,0.8805064558982849,0.3952249586582184,4.505970001220703,0.7149135044642857,False,False,0.1027151346206665,0.1234649121761322
23,16,0.4,adaptive_hybrid_m0.95,both_diagonals,logsumexp,2,L0.45_A0.45_R0.10,0.9977678571428571,0.4186958874458875,0.5813041125541125,0.805802047252655,0.8485069274902344,0.9999882578849792,0.19419798254966736,0.21791216731071472,0.545600175857544,0.9568363428115845,0.8857423067092896,0.3883959650993347,4.418067932128906,0.7149135044642857,False,False,0.09930062294006348,0.11951594054698944
23,16,0.5,dense,none,none,0,none,0.0,0.0,1.0,1.0,1.0,1.0000001192092896,4.6399821762577176e-09,0.0,0.0,1.0,0.9999998807907104,0.0,0.0,0.4990234375,False,False,-0.15558815002441406,-0.15822871029376984
23,16,0.5,random,none,none,0,none,0.0,0.5047348484848485,0.4952651515151515,0.47879722714424133,0.48528313636779785,0.874415934085846,0.5212028622627258,0.5124712586402893,1.0,0.8087906837463379,0.39859169721603394,1.0089234113693237,12.530410766601562,0.7518877301897322,False,False,0.3656146228313446,0.35424254834651947
23,16,0.5,mean_pooled_score,none,none,0,none,0.0,0.5454545454545454,0.45454545454545453,0.6878424882888794,0.7659221887588501,0.9761026501655579,0.3121574819087982,0.3518770635128021,1.0,0.8780520558357239,0.6096563339233398,0.5618149638175964,7.3368024826049805,0.7758265904017857,False,False,0.15656936168670654,0.1936483532190323
23,16,0.5,oracle_block_mass,none,none,0,none,0.0,0.48484848484848486,0.5151515151515151,0.8444118499755859,0.860014796257019,0.9991868138313293,0.15558815002441406,0.15822871029376984,0.3283238112926483,0.9826759696006775,0.9558383226394653,0.3111763000488281,3.4278666973114014,0.7416011265345982,False,False,0.15558815002441406,0.15822871029376984
23,16,0.5,landmark_only,none,none,0,none,0.0,0.48484848484848486,0.5151515151515151,0.7478421330451965,0.7722487449645996,0.9981992244720459,0.25215792655944824,0.2900157868862152,0.6433277726173401,0.9365378618240356,0.8360273838043213,0.5043158531188965,5.799049377441406,0.7456229073660714,False,False,0.0965697169303894,0.13178707659244537
23,16,0.5,antidiagonal_only,anti_diagonal,topk_mean,0,none,0.0,0.48484848484848486,0.5151515151515151,0.787144660949707,0.8181301951408386,0.99875408411026,0.2128552943468094,0.23175668716430664,0.5012460947036743,0.9574189186096191,0.9055426716804504,0.4257105886936188,4.828547954559326,0.7449362618582589,False,False,0.057267189025878906,0.0735279768705368
23,16,0.5,antidiagonal_only,anti_diagonal,logsumexp,0,none,0.0,0.48484848484848486,0.5151515151515151,0.778419554233551,0.8036981821060181,0.9988132119178772,0.22158049046993256,0.24184249341487885,0.5272705554962158,0.9533907175064087,0.8915085792541504,0.4431609809398651,5.017590522766113,0.7454921177455357,False,False,0.06599229574203491,0.08361378312110901
23,16,0.5,antidiagonal_only,both_diagonals,topk_mean,0,none,0.0,0.48484848484848486,0.5151515151515151,0.7980386018753052,0.824866771697998,0.9988916516304016,0.20196130871772766,0.21360094845294952,0.44214576482772827,0.9675536751747131,0.9295896887779236,0.4039226174354553,4.552242755889893,0.7469961983816964,False,False,0.04637324810028076,0.05537223815917969
23,16,0.5,antidiagonal_only,both_diagonals,logsumexp,0,none,0.0,0.48484848484848486,0.5151515151515151,0.7969246506690979,0.8231407403945923,0.9989034533500671,0.2030753195285797,0.21661092340946198,0.45193198323249817,0.9666666388511658,0.9278104901313782,0.4061506390571594,4.572292804718018,0.7471923828125,False,False,0.04748719930648804,0.05838221311569214
23,16,0.5,hybrid,anti_diagonal,topk_mean,2,L0.70_A0.30,0.125,0.4829545454545454,0.5170454545454546,0.7530852556228638,0.7793320417404175,0.9999836087226868,0.2469147890806198,0.28403428196907043,0.6656399369239807,0.9362096190452576,0.8298435211181641,0.4938296377658844,5.654574871063232,0.748046875,False,False,0.09132659435272217,0.1258055716753006
23,16,0.5,hybrid,anti_diagonal,logsumexp,2,L0.70_A0.30,0.125,0.4829545454545454,0.5170454545454546,0.7566865682601929,0.7836235761642456,0.9999831318855286,0.2433134764432907,0.2785676121711731,0.66282719373703,0.9376675486564636,0.833893358707428,0.4866269528865814,5.563174724578857,0.748046875,False,False,0.08772528171539307,0.12033890187740326
23,16,0.5,hybrid,both_diagonals,topk_mean,2,L0.70_A0.30,0.125,0.4829545454545454,0.5170454545454546,0.7576600313186646,0.784500241279602,0.999983012676239,0.24233998358249664,0.27641692757606506,0.6527110934257507,0.9397190809249878,0.8406149744987488,0.4846799671649933,5.537755489349365,0.748046875,False,False,0.08675181865692139,0.11818821728229523
23,16,0.5,hybrid,both_diagonals,logsumexp,2,L0.70_A0.30,0.125,0.4829545454545454,0.5170454545454546,0.7570751905441284,0.7819955348968506,0.999983012676239,0.24292483925819397,0.27813225984573364,0.661294162273407,0.938457190990448,0.8368228673934937,0.48584967851638794,5.552199363708496,0.748046875,False,False,0.08733665943145752,0.1199035495519638
23,16,0.5,hybrid,anti_diagonal,topk_mean,2,L0.70_A0.30_R0.10,0.125,0.4829545454545454,0.5170454545454546,0.7501642107963562,0.7743124961853027,0.9999836087226868,0.2498358190059662,0.2900165915489197,0.6812654733657837,0.933862566947937,0.8202594518661499,0.49967160820961,5.728340148925781,0.748046875,False,False,0.09424763917922974,0.13178788125514984
23,16,0.5,hybrid,anti_diagonal,logsumexp,2,L0.70_A0.30_R0.10,0.125,0.4829545454545454,0.5170454545454546,0.7539139986038208,0.7812137603759766,0.9999831318855286,0.2460860311985016,0.28187698125839233,0.6688963174819946,0.9359636306762695,0.8264326453208923,0.4921720623970032,5.631347179412842,0.748046875,False,False,0.09049785137176514,0.1236482709646225
23,16,0.5,hybrid,both_diagonals,topk_mean,2,L0.70_A0.30_R0.10,0.125,0.4829545454545454,0.5170454545454546,0.7537606358528137,0.7797669172286987,0.999983012676239,0.2462393194437027,0.2828339636325836,0.6653611063957214,0.9370885491371155,0.8296567797660828,0.4924786388874054,5.6350250244140625,0.748046875,False,False,0.09065121412277222,0.12460525333881378
23,16,0.5,hybrid,both_diagonals,logsumexp,2,L0.70_A0.30_R0.10,0.125,0.4829545454545454,0.5170454545454546,0.7547757029533386,0.7791851758956909,0.9999829530715942,0.2452242225408554,0.28182452917099,0.6650777459144592,0.9372575879096985,0.8313296437263489,0.4904484450817108,5.608471870422363,0.748046875,False,False,0.08963614702224731,0.12359581887722015
23,16,0.5,hybrid,anti_diagonal,topk_mean,2,L0.50_A0.50,0.125,0.4829545454545454,0.5170454545454546,0.7660013437271118,0.7935420870780945,0.9999831318855286,0.23399868607521057,0.26703372597694397,0.635075569152832,0.9420527219772339,0.8516306281089783,0.4679974615573883,5.340427875518799,0.748046875,False,False,0.07841050624847412,0.10880501568317413
23,16,0.5,hybrid,anti_diagonal,logsumexp,2,L0.50_A0.50,0.125,0.4829545454545454,0.5170454545454546,0.7724534273147583,0.798490047454834,0.9999847412109375,0.2275465577840805,0.2525741159915924,0.5791327357292175,0.9482428431510925,0.8680627942085266,0.455093115568161,5.167533874511719,0.748046875,False,False,0.07195842266082764,0.09434540569782257
23,16,0.5,hybrid,both_diagonals,topk_mean,2,L0.50_A0.50,0.125,0.4829545454545454,0.5170454545454546,0.7726714015007019,0.8012012243270874,0.9999824166297913,0.22732864320278168,0.25398507714271545,0.5974286198616028,0.9482235312461853,0.8660467863082886,0.45465728640556335,5.169600963592529,0.748046875,False,False,0.07174044847488403,0.09575636684894562
23,16,0.5,hybrid,both_diagonals,logsumexp,2,L0.50_A0.50,0.125,0.4829545454545454,0.5170454545454546,0.7739542722702026,0.8012787103652954,0.9999842643737793,0.22604574263095856,0.25162822008132935,0.586367130279541,0.9492947459220886,0.8712105751037598,0.45209142565727234,5.132762908935547,0.748046875,False,False,0.0704575777053833,0.09339950978755951
23,16,0.5,hybrid,anti_diagonal,topk_mean,2,L0.50_A0.50_R0.10,0.125,0.4829545454545454,0.5170454545454546,0.7630482316017151,0.7910605072975159,0.9999831318855286,0.2369518280029297,0.2709508538246155,0.6409382224082947,0.9408239722251892,0.8443319201469421,0.473903626203537,5.412947177886963,0.748046875,False,False,0.08136361837387085,0.11272214353084564
23,16,0.5,hybrid,anti_diagonal,logsumexp,2,L0.50_A0.50_R0.10,0.125,0.4829545454545454,0.5170454545454546,0.765528678894043,0.7911105155944824,0.999984860420227,0.23447135090827942,0.26433101296424866,0.620928943157196,0.9429721832275391,0.8534640669822693,0.46894270181655884,5.341336727142334,0.748046875,False,False,0.07888317108154297,0.10610230267047882
23,16,0.5,hybrid,both_diagonals,topk_mean,2,L0.50_A0.50_R0.10,0.125,0.4829545454545454,0.5170454545454546,0.769673764705658,0.7975213527679443,0.9999831318855286,0.23032627999782562,0.2598349153995514,0.6151645183563232,0.946174681186676,0.8603557348251343,0.46065253019332886,5.243697166442871,0.748046875,False,False,0.07473808526992798,0.10160620510578156
23,16,0.5,hybrid,both_diagonals,logsumexp,2,L0.50_A0.50_R0.10,0.125,0.4829545454545454,0.5170454545454546,0.771761953830719,0.8002586364746094,0.9999843239784241,0.22823810577392578,0.2559257745742798,0.5982447266578674,0.94786536693573,0.8660467863082886,0.45647621154785156,5.187435626983643,0.748046875,False,False,0.07264989614486694,0.09769706428050995
23,16,0.5,hybrid,anti_diagonal,topk_mean,2,L0.30_A0.70,0.125,0.4829545454545454,0.5170454545454546,0.7768489718437195,0.8040784597396851,0.999983012676239,0.22315096855163574,0.2483200579881668,0.5668702721595764,0.9492657780647278,0.8769121170043945,0.4463019371032715,5.072695255279541,0.748046875,False,False,0.06756287813186646,0.09009134769439697
23,16,0.5,hybrid,anti_diagonal,logsumexp,2,L0.30_A0.70,0.125,0.4829545454545454,0.5170454545454546,0.776066243648529,0.8015691041946411,0.9999845027923584,0.22393372654914856,0.24547329545021057,0.5566555261611938,0.9503009915351868,0.8779188394546509,0.4478674829006195,5.077618598937988,0.748046875,False,False,0.06834560632705688,0.08724458515644073
23,16,0.5,hybrid,both_diagonals,topk_mean,2,L0.30_A0.70,0.125,0.4829545454545454,0.5170454545454546,0.7853527069091797,0.8109723329544067,0.9999845623970032,0.21464727818965912,0.23458094894886017,0.5346530675888062,0.9552764296531677,0.8883756399154663,0.42929455637931824,4.855552673339844,0.748046875,False,False,0.05905914306640625,0.07635223865509033
23,16,0.5,hybrid,both_diagonals,logsumexp,2,L0.30_A0.70,0.125,0.4829545454545454,0.5170454545454546,0.7828074097633362,0.8091070652008057,0.9999845027923584,0.21719253063201904,0.2383357733488083,0.5472738742828369,0.9539856314659119,0.8861681222915649,0.4343850612640381,4.915492534637451,0.748046875,False,False,0.061604440212249756,0.08010706305503845
23,16,0.5,hybrid,anti_diagonal,topk_mean,2,L0.30_A0.70_R0.10,0.125,0.4829545454545454,0.5170454545454546,0.7741565108299255,0.8011993169784546,0.999982476234436,0.22584345936775208,0.2534395754337311,0.5843853950500488,0.9471705555915833,0.8682186007499695,0.45168694853782654,5.14089822769165,0.748046875,False,False,0.0702553391456604,0.09521086513996124
23,16,0.5,hybrid,anti_diagonal,logsumexp,2,L0.30_A0.70_R0.10,0.125,0.4829545454545454,0.5170454545454546,0.7731756567955017,0.7987726926803589,0.9999843835830688,0.22682438790798187,0.24983076751232147,0.5708932280540466,0.948839008808136,0.8727286458015442,0.45364874601364136,5.14755392074585,0.748046875,False,False,0.07123619318008423,0.09160205721855164
23,16,0.5,hybrid,both_diagonals,topk_mean,2,L0.30_A0.70_R0.10,0.125,0.4829545454545454,0.5170454545454546,0.7812512516975403,0.8063583970069885,0.9999845623970032,0.2187487781047821,0.2428237646818161,0.5614572167396545,0.9519520998001099,0.8776350021362305,0.4374975860118866,4.958645820617676,0.748046875,False,False,0.06316059827804565,0.08459505438804626
23,16,0.5,hybrid,both_diagonals,logsumexp,2,L0.30_A0.70_R0.10,0.125,0.4829545454545454,0.5170454545454546,0.7808352708816528,0.8073322176933289,0.9999845027923584,0.21916463971138,0.2435416430234909,0.5612879991531372,0.9520817995071411,0.8808636665344238,0.43832927942276,4.966010093688965,0.748046875,False,False,0.0635765790939331,0.08531293272972107
23,16,0.5,adaptive_hybrid_m0.90,anti_diagonal,topk_mean,2,L0.45_A0.45_R0.10,0.9598214285714286,0.4251893939393939,0.5748106060606061,0.794715404510498,0.8376275300979614,0.9999871850013733,0.20528459548950195,0.23539112508296967,0.5886967778205872,0.9494510293006897,0.8648710250854492,0.4105691909790039,4.69750452041626,0.71826171875,False,False,0.04969644546508789,0.07716241478919983
23,16,0.5,adaptive_hybrid_m0.90,anti_diagonal,logsumexp,2,L0.45_A0.45_R0.10,0.9620535714285714,0.4251893939393939,0.5748106060606061,0.7996519804000854,0.8400789499282837,0.9999873638153076,0.20034804940223694,0.22513101994991302,0.552687406539917,0.9537126421928406,0.8803297877311707,0.4006960988044739,4.565003395080566,0.71826171875,False,False,0.04475986957550049,0.06690230965614319
23,16,0.5,adaptive_hybrid_m0.90,both_diagonals,topk_mean,2,L0.45_A0.45_R0.10,0.9642857142857143,0.4251893939393939,0.5748106060606061,0.8004305958747864,0.8434327244758606,0.9999873042106628,0.1995694786310196,0.223701611161232,0.5557507872581482,0.9549506902694702,0.8803297877311707,0.3991389870643616,4.549341678619385,0.71826171875,False,False,0.04398125410079956,0.06547290086746216
23,16,0.5,adaptive_hybrid_m0.90,both_diagonals,logsumexp,2,L0.45_A0.45_R0.10,0.9642857142857143,0.4247835497835498,0.5752164502164502,0.8037773966789246,0.8463186025619507,0.9999882578849792,0.19622257351875305,0.2199905663728714,0.5480297803878784,0.956389844417572,0.8854033946990967,0.39244508743286133,4.4636616706848145,0.7180524553571428,False,False,0.04063445329666138,0.06176185607910156
23,16,0.5,adaptive_hybrid_m0.95,anti_diagonal,topk_mean,2,L0.45_A0.45_R0.10,0.9933035714285714,0.4185606060606061,0.5814393939393939,0.797042727470398,0.8398158550262451,0.9999871850013733,0.20295734703540802,0.2333502471446991,0.5883681774139404,0.949800431728363,0.8654634952545166,0.40591469407081604,4.644896507263184,0.71484375,False,False,0.04736912250518799,0.07512153685092926
23,16,0.5,adaptive_hybrid_m0.95,anti_diagonal,logsumexp,2,L0.45_A0.45_R0.10,0.9933035714285714,0.4188311688311688,0.5811688311688312,0.8017825484275818,0.843238115310669,0.9999873638153076,0.1982174813747406,0.22304536402225494,0.5501104593276978,0.954260528087616,0.8819093704223633,0.3964349627494812,4.517212390899658,0.7149832589285714,False,False,0.04262930154800415,0.06481665372848511
23,16,0.5,adaptive_hybrid_m0.95,both_diagonals,topk_mean,2,L0.45_A0.45_R0.10,0.9977678571428571,0.4186958874458875,0.5813041125541125,0.802387535572052,0.8461368083953857,0.9999873042106628,0.1976124495267868,0.22186113893985748,0.5534084439277649,0.9552026391029358,0.8805064558982849,0.3952249586582184,4.505970001220703,0.7149135044642857,False,False,0.042024314403533936,0.06363242864608765
23,16,0.5,adaptive_hybrid_m0.95,both_diagonals,logsumexp,2,L0.45_A0.45_R0.10,0.9977678571428571,0.4186958874458875,0.5813041125541125,0.805802047252655,0.8485069274902344,0.9999882578849792,0.19419798254966736,0.21791216731071472,0.545600175857544,0.9568363428115845,0.8857423067092896,0.3883959650993347,4.418067932128906,0.7149135044642857,False,False,0.03860980272293091,0.059683457016944885
23,16,0.6,dense,none,none,0,none,0.0,0.0,1.0,1.0,1.0,1.0000001192092896,4.6399821762577176e-09,0.0,0.0,1.0,0.9999998807907104,0.0,0.0,0.4990234375,False,False,-0.20651179552078247,-0.2099684327840805
23,16,0.6,random,none,none,0,none,0.0,0.6025432900432901,0.39745670995670995,0.385166734457016,0.36802560091018677,0.7609262466430664,0.6148332953453064,0.6152381896972656,1.0294686555862427,0.7473624348640442,0.23842580616474152,1.171630859375,14.80471134185791,0.8009469168526786,False,False,0.40832147002220154,0.4052697569131851
23,16,0.6,mean_pooled_score,none,none,0,none,0.0,0.6363636363636364,0.36363636363636365,0.6259061098098755,0.6760741472244263,0.9666831493377686,0.3740938603878021,0.43155860900878906,1.0,0.857792854309082,0.5136280655860901,0.6856877207756042,8.754782676696777,0.8217860630580357,False,False,0.16758209466934204,0.22159017622470856
23,16,0.6,oracle_block_mass,none,none,0,none,0.0,0.5757575757575757,0.42424242424242425,0.7934882044792175,0.7978103160858154,0.9988477230072021,0.2065117061138153,0.2099684327840805,0.41188502311706543,0.9743840098381042,0.9349896907806396,0.4130234122276306,4.565010070800781,0.7873971121651786,False,False,0.20651179552078247,0.2099684327840805
23,16,0.6,landmark_only,none,none,0,none,0.0,0.5757575757575757,0.42424242424242425,0.6867324113845825,0.691825270652771,0.9974392652511597,0.3132675588130951,0.3594665229320526,0.7462274432182312,0.9191213250160217,0.780428946018219,0.6265351176261902,7.196712017059326,0.7920401436941964,False,False,0.10675579309463501,0.1494980901479721
23,16,0.6,antidiagonal_only,anti_diagonal,topk_mean,0,none,0.0,0.5757575757575757,0.42424242424242425,0.7271330952644348,0.7437540292739868,0.9982466101646423,0.27286696434020996,0.29627591371536255,0.6290425658226013,0.9406278729438782,0.847687840461731,0.5457339286804199,6.199573993682861,0.7911900111607143,False,False,0.06635510921478271,0.08630748093128204
23,16,0.6,antidiagonal_only,anti_diagonal,logsumexp,0,none,0.0,0.5757575757575757,0.42424242424242425,0.7180061936378479,0.7320242524147034,0.9983342885971069,0.2819938361644745,0.30245038866996765,0.6402062773704529,0.9384235739707947,0.8389771580696106,0.563987672328949,6.395505428314209,0.7918439592633928,False,False,0.07548201084136963,0.09248195588588715
23,16,0.6,antidiagonal_only,both_diagonals,topk_mean,0,none,0.0,0.5757575757575757,0.42424242424242425,0.74128258228302,0.7521250247955322,0.9984593987464905,0.25871744751930237,0.2733108699321747,0.5414336323738098,0.9550580382347107,0.9002389311790466,0.5174348950386047,5.838859558105469,0.7930864606584822,False,False,0.05220562219619751,0.06334243714809418
23,16,0.6,antidiagonal_only,both_diagonals,logsumexp,0,none,0.0,0.5757575757575757,0.42424242424242425,0.7389496564865112,0.749205470085144,0.9983853101730347,0.2610503137111664,0.27765408158302307,0.5577924251556396,0.9525691270828247,0.8960201144218445,0.5221007466316223,5.889396667480469,0.7930537632533482,False,False,0.0545385479927063,0.06768564879894257
23,16,0.6,hybrid,anti_diagonal,topk_mean,2,L0.70_A0.30,0.15625,0.5738636363636364,0.42613636363636365,0.6794663071632385,0.6789380311965942,0.9999721050262451,0.32053372263908386,0.35962891578674316,0.7758961319923401,0.913294792175293,0.7643072009086609,0.6410675048828125,7.3594794273376465,0.794921875,False,False,0.114021897315979,0.14966048300266266
23,16,0.6,hybrid,anti_diagonal,logsumexp,2,L0.70_A0.30,0.15625,0.5738636363636364,0.42613636363636365,0.6846937537193298,0.6857112050056458,0.9999731779098511,0.31530624628067017,0.35127854347229004,0.7584888935089111,0.9163001179695129,0.7778209447860718,0.6306124925613403,7.2258687019348145,0.794921875,False,False,0.1087944507598877,0.14131011068820953
23,16,0.6,hybrid,both_diagonals,topk_mean,2,L0.70_A0.30,0.15625,0.5738636363636364,0.42613636363636365,0.6862122416496277,0.6891157627105713,0.9999743700027466,0.3137877881526947,0.3521372973918915,0.7587993741035461,0.9170404672622681,0.7778496742248535,0.6275754570960999,7.189685821533203,0.794921875,False,False,0.10727596282958984,0.14216886460781097
23,16,0.6,hybrid,both_diagonals,logsumexp,2,L0.70_A0.30,0.15625,0.5738636363636364,0.42613636363636365,0.6859025359153748,0.6874696016311646,0.9999743700027466,0.31409749388694763,0.3528275489807129,0.7593749165534973,0.9168588519096375,0.7784714698791504,0.6281949877738953,7.193906307220459,0.794921875,False,False,0.10758566856384277,0.14285911619663239
23,16,0.6,hybrid,anti_diagonal,topk_mean,2,L0.70_A0.30_R0.10,0.15625,0.5738636363636364,0.42613636363636365,0.6777530908584595,0.6767346262931824,0.9999714493751526,0.3222469389438629,0.36436834931373596,0.7831552028656006,0.9118673205375671,0.7595402002334595,0.6444938778877258,7.4022626876831055,0.794921875,False,False,0.11573511362075806,0.15439991652965546
23,16,0.6,hybrid,anti_diagonal,logsumexp,2,L0.70_A0.30_R0.10,0.15625,0.5738636363636364,0.42613636363636365,0.6841509938240051,0.68494713306427,0.9999731779098511,0.3158489763736725,0.3555387854576111,0.7660506367683411,0.9147704839706421,0.773381233215332,0.631697952747345,7.2393317222595215,0.794921875,False,False,0.1093372106552124,0.14557035267353058
23,16,0.6,hybrid,both_diagonals,topk_mean,2,L0.70_A0.30_R0.10,0.15625,0.5738636363636364,0.42613636363636365,0.683512806892395,0.6850600838661194,0.9999731183052063,0.31648725271224976,0.3571481704711914,0.7701846957206726,0.9149800539016724,0.773381233215332,0.6329745054244995,7.256171703338623,0.794921875,False,False,0.10997539758682251,0.1471797376871109
23,16,0.6,hybrid,both_diagonals,logsumexp,2,L0.70_A0.30_R0.10,0.15625,0.5738636363636364,0.42613636363636365,0.6844725012779236,0.6854052543640137,0.9999738931655884,0.31552746891975403,0.3556687831878662,0.7696534991264343,0.915603756904602,0.7749099135398865,0.6310549378395081,7.231748104095459,0.794921875,False,False,0.10901570320129395,0.1457003504037857
23,16,0.6,hybrid,anti_diagonal,topk_mean,2,L0.50_A0.50,0.15625,0.5738636363636364,0.42613636363636365,0.6930962800979614,0.6989808678627014,0.9999738931655884,0.3069036900997162,0.3420255780220032,0.742949366569519,0.9206855893135071,0.788276731967926,0.6138073801994324,7.0250563621521,0.794921875,False,False,0.1003919243812561,0.13205714523792267
23,16,0.6,hybrid,anti_diagonal,logsumexp,2,L0.50_A0.50,0.15625,0.5738636363636364,0.42613636363636365,0.6986057162284851,0.7053626179695129,0.9999738931655884,0.3013942241668701,0.3317714333534241,0.7168038487434387,0.9245047569274902,0.8023510575294495,0.6027884483337402,6.8790669441223145,0.794921875,False,False,0.09488248825073242,0.12180300056934357
23,16,0.6,hybrid,both_diagonals,topk_mean,2,L0.50_A0.50,0.15625,0.5738636363636364,0.42613636363636365,0.7033586502075195,0.7101919651031494,0.999975860118866,0.2966413199901581,0.3293866813182831,0.7138495445251465,0.9276056289672852,0.807625412940979,0.5932826399803162,6.764406681060791,0.794921875,False,False,0.090129554271698,0.11941824853420258
23,16,0.6,hybrid,both_diagonals,logsumexp,2,L0.50_A0.50,0.15625,0.5738636363636364,0.42613636363636365,0.703793466091156,0.7108887434005737,0.9999763369560242,0.29620662331581116,0.3284267783164978,0.715907096862793,0.9274962544441223,0.807754397392273,0.592413067817688,6.752089500427246,0.794921875,False,False,0.08969473838806152,0.1184583455324173
23,16,0.6,hybrid,anti_diagonal,topk_mean,2,L0.50_A0.50_R0.10,0.15625,0.5738636363636364,0.42613636363636365,0.6898845434188843,0.6936290264129639,0.9999732971191406,0.31011542677879333,0.3473854660987854,0.7502970695495605,0.9182804822921753,0.7814638018608093,0.6202308535575867,7.105058193206787,0.794921875,False,False,0.10360366106033325,0.1374170333147049
23,16,0.6,hybrid,anti_diagonal,logsumexp,2,L0.50_A0.50_R0.10,0.15625,0.5738636363636364,0.42613636363636365,0.6961765289306641,0.7021524906158447,0.9999731779098511,0.303823322057724,0.3348991572856903,0.7231082916259766,0.9231937527656555,0.7996878623962402,0.6076467633247375,6.93904447555542,0.794921875,False,False,0.09731167554855347,0.1249307245016098
23,16,0.6,hybrid,both_diagonals,topk_mean,2,L0.50_A0.50_R0.10,0.15625,0.5738636363636364,0.42613636363636365,0.6998404264450073,0.7060339450836182,0.9999756217002869,0.30015960335731506,0.33578237891197205,0.726043164730072,0.9243432283401489,0.8003679513931274,0.6003192067146301,6.8538312911987305,0.794921875,False,False,0.0936477780342102,0.12581394612789154
23,16,0.6,hybrid,both_diagonals,logsumexp,2,L0.50_A0.50_R0.10,0.15625,0.5738636363636364,0.42613636363636365,0.7003164887428284,0.7062990665435791,0.9999753832817078,0.299683541059494,0.33407121896743774,0.7265657782554626,0.9252135157585144,0.8030454516410828,0.599367082118988,6.83920431137085,0.794921875,False,False,0.09317171573638916,0.12410278618335724
23,16,0.6,hybrid,anti_diagonal,topk_mean,2,L0.30_A0.70,0.15625,0.5738636363636364,0.42613636363636365,0.7016564607620239,0.7041008472442627,0.9999761581420898,0.29834359884262085,0.32773423194885254,0.705287754535675,0.9271402359008789,0.8117325305938721,0.5966871380805969,6.810429096221924,0.794921875,False,False,0.0918317437171936,0.11776579916477203
23,16,0.6,hybrid,anti_diagonal,logsumexp,2,L0.30_A0.70,0.15625,0.5738636363636364,0.42613636363636365,0.7029699683189392,0.7099184989929199,0.99997478723526,0.2970300614833832,0.3226284384727478,0.6953040361404419,0.9285858869552612,0.8128685355186462,0.5940601229667664,6.76552152633667,0.794921875,False,False,0.09051823616027832,0.1126600056886673
23,16,0.6,hybrid,both_diagonals,topk_mean,2,L0.30_A0.70,0.15625,0.5738636363636364,0.42613636363636365,0.7167267203330994,0.7260499000549316,0.9999791383743286,0.2832733392715454,0.312116414308548,0.6817051768302917,0.9339777231216431,0.828255295753479,0.5665466785430908,6.432240009307861,0.794921875,False,False,0.07676148414611816,0.10214798152446747
23,16,0.6,hybrid,both_diagonals,logsumexp,2,L0.30_A0.70,0.15625,0.5738636363636364,0.42613636363636365,0.7144385576248169,0.7236871719360352,0.9999790191650391,0.2855614721775055,0.3136674463748932,0.6872372031211853,0.9329544305801392,0.8230213522911072,0.571122944355011,6.4889397621154785,0.794921875,False,False,0.07904964685440063,0.10369901359081268
23,16,0.6,hybrid,anti_diagonal,topk_mean,2,L0.30_A0.70_R0.10,0.15625,0.5738636363636364,0.42613636363636365,0.6990582346916199,0.7023850679397583,0.9999761581420898,0.3009417951107025,0.33286046981811523,0.7142686247825623,0.9248734712600708,0.8048772215843201,0.601883590221405,6.876224040985107,0.794921875,False,False,0.09442996978759766,0.12289203703403473
23,16,0.6,hybrid,anti_diagonal,logsumexp,2,L0.30_A0.70_R0.10,0.15625,0.5738636363636364,0.42613636363636365,0.7010021805763245,0.7075549960136414,0.9999747276306152,0.29899778962135315,0.3250732719898224,0.7015870809555054,0.9274970293045044,0.8094927072525024,0.5979955792427063,6.814249515533447,0.794921875,False,False,0.09248602390289307,0.11510483920574188
23,16,0.6,hybrid,both_diagonals,topk_mean,2,L0.30_A0.70_R0.10,0.15625,0.5738636363636364,0.42613636363636365,0.7141435742378235,0.7220730781555176,0.9999775290489197,0.2858564555644989,0.3173915445804596,0.6881261467933655,0.9317327737808228,0.8224999904632568,0.5717129111289978,6.497457981109619,0.794921875,False,False,0.07934463024139404,0.10742311179637909
23,16,0.6,hybrid,both_diagonals,logsumexp,2,L0.30_A0.70_R0.10,0.15625,0.5738636363636364,0.42613636363636365,0.711897075176239,0.7205314636230469,0.9999790191650391,0.2881028652191162,0.3174603283405304,0.6946816444396973,0.9314482808113098,0.8188983201980591,0.5762057304382324,6.552405834197998,0.794921875,False,False,0.08159112930297852,0.10749189555644989
23,16,0.6,adaptive_hybrid_m0.90,anti_diagonal,topk_mean,2,L0.45_A0.45_R0.10,0.9598214285714286,0.4251893939393939,0.5748106060606061,0.794715404510498,0.8376275300979614,0.9999871850013733,0.20528459548950195,0.23539112508296967,0.5886967778205872,0.9494510293006897,0.8648710250854492,0.4105691909790039,4.69750452041626,0.71826171875,False,False,-0.0012272000312805176,0.02542269229888916
23,16,0.6,adaptive_hybrid_m0.90,anti_diagonal,logsumexp,2,L0.45_A0.45_R0.10,0.9620535714285714,0.4251893939393939,0.5748106060606061,0.7996519804000854,0.8400789499282837,0.9999873638153076,0.20034804940223694,0.22513101994991302,0.552687406539917,0.9537126421928406,0.8803297877311707,0.4006960988044739,4.565003395080566,0.71826171875,False,False,-0.00616377592086792,0.01516258716583252
23,16,0.6,adaptive_hybrid_m0.90,both_diagonals,topk_mean,2,L0.45_A0.45_R0.10,0.9642857142857143,0.4251893939393939,0.5748106060606061,0.8004305958747864,0.8434327244758606,0.9999873042106628,0.1995694786310196,0.223701611161232,0.5557507872581482,0.9549506902694702,0.8803297877311707,0.3991389870643616,4.549341678619385,0.71826171875,False,False,-0.006942391395568848,0.01373317837715149
23,16,0.6,adaptive_hybrid_m0.90,both_diagonals,logsumexp,2,L0.45_A0.45_R0.10,0.9642857142857143,0.4247835497835498,0.5752164502164502,0.8037773966789246,0.8463186025619507,0.9999882578849792,0.19622257351875305,0.2199905663728714,0.5480297803878784,0.956389844417572,0.8854033946990967,0.39244508743286133,4.4636616706848145,0.7180524553571428,False,False,-0.010289192199707031,0.010022133588790894
23,16,0.6,adaptive_hybrid_m0.95,anti_diagonal,topk_mean,2,L0.45_A0.45_R0.10,0.9933035714285714,0.4185606060606061,0.5814393939393939,0.797042727470398,0.8398158550262451,0.9999871850013733,0.20295734703540802,0.2333502471446991,0.5883681774139404,0.949800431728363,0.8654634952545166,0.40591469407081604,4.644896507263184,0.71484375,False,False,-0.00355452299118042,0.02338181436061859
23,16,0.6,adaptive_hybrid_m0.95,anti_diagonal,logsumexp,2,L0.45_A0.45_R0.10,0.9933035714285714,0.4188311688311688,0.5811688311688312,0.8017825484275818,0.843238115310669,0.9999873638153076,0.1982174813747406,0.22304536402225494,0.5501104593276978,0.954260528087616,0.8819093704223633,0.3964349627494812,4.517212390899658,0.7149832589285714,False,False,-0.008294343948364258,0.013076931238174438
23,16,0.6,adaptive_hybrid_m0.95,both_diagonals,topk_mean,2,L0.45_A0.45_R0.10,0.9977678571428571,0.4186958874458875,0.5813041125541125,0.802387535572052,0.8461368083953857,0.9999873042106628,0.1976124495267868,0.22186113893985748,0.5534084439277649,0.9552026391029358,0.8805064558982849,0.3952249586582184,4.505970001220703,0.7149135044642857,False,False,-0.008899331092834473,0.011892706155776978
23,16,0.6,adaptive_hybrid_m0.95,both_diagonals,logsumexp,2,L0.45_A0.45_R0.10,0.9977678571428571,0.4186958874458875,0.5813041125541125,0.805802047252655,0.8485069274902344,0.9999882578849792,0.19419798254966736,0.21791216731071472,0.545600175857544,0.9568363428115845,0.8857423067092896,0.3883959650993347,4.418067932128906,0.7149135044642857,False,False,-0.0123138427734375,0.007943734526634216
