layer,target_sparsity,mask_type,sample_pattern,aggregation,actual_tile_sparsity,attention_tile_work_fraction,kept_attention_mass_mean,kept_attention_mass_p50,kept_attention_mass_p90,dropped_attention_mass_mean,output_l2_relative_mean,output_l2_relative_p90,output_cosine_mean,output_cosine_p10,prob_l1_mean,prob_kl_mean,token_mask_sparsity,strict_quality_pass,practical_quality_pass,strong_quality_pass,oracle_gap_mass,oracle_gap_l2,improvement_over_mean_pooled_mass,improvement_over_mean_pooled_l2
0,0.3,dense,none,none,0.0,1.0,1.0,1.0,1.0000001192092896,2.918698394083208e-09,0.0,0.0,1.0,0.9999998807907104,0.0,0.0,0.49951171875,False,False,False,-0.03279167413711548,-0.014570490457117558,1.0,0.0
0,0.3,mean_pooled_score,none,none,0.31682692307692306,0.6831730769230769,0.9208851456642151,0.9962047338485718,1.0,0.0791148766875267,0.04830830544233322,0.09687379747629166,0.9799542427062988,0.9955065250396729,0.1426047831773758,1.8059545755386353,0.6600488935198103,False,False,False,0.046323180198669434,0.033737814985215664,0.9208851456642151,-0.04830830544233322
0,0.3,oracle_block_mass,none,none,0.2860576923076923,0.7139423076923077,0.9672083258628845,0.9990036487579346,1.0,0.03279164060950279,0.014570490457117558,0.0517912358045578,0.9994227290153503,0.9987890124320984,0.06558327376842499,0.6742607951164246,0.6440396990094865,False,False,False,0.03279167413711548,0.014570490457117558,0.9672083258628845,-0.014570490457117558
0,0.3,aglr_antidiagonal_logsumexp,both_diagonals,logsumexp,0.2860576923076923,0.7139423076923077,0.9331633448600769,0.9968105554580688,1.0,0.06683658063411713,0.03618406504392624,0.11343958228826523,0.9956793189048767,0.9938425421714783,0.13367317616939545,1.4720379114151,0.644775390625,False,False,False,0.03404498100280762,0.02161357458680868,0.012278199195861816,0.012124240398406982
0,0.3,aglr_antidiagonal_topk_mean,both_diagonals,topk_mean,0.2860576923076923,0.7139423076923077,0.9450123906135559,0.9978711605072021,1.0,0.05498757213354111,0.028484763577580452,0.09659093618392944,0.9972327947616577,0.9955515265464783,0.10997514426708221,1.1886060237884521,0.644775390625,False,False,False,0.022195935249328613,0.013914273120462894,0.02412724494934082,0.01982354186475277
0,0.4,dense,none,none,0.0,1.0,1.0,1.0,1.0000001192092896,2.918698394083208e-09,0.0,0.0,1.0,0.9999998807907104,0.0,0.0,0.49951171875,False,False,False,-0.05298572778701782,-0.022661704570055008,1.0,0.0
0,0.4,mean_pooled_score,none,none,0.4182692307692307,0.5817307692307693,0.8885927200317383,0.9914329051971436,0.9999999403953552,0.11140727996826172,0.06564660370349884,0.1412450224161148,0.9755741357803345,0.9906772375106812,0.20718954503536224,2.5395188331604004,0.711407252720424,False,False,False,0.058421552181243896,0.04298489913344383,0.8885927200317383,-0.06564660370349884
0,0.4,oracle_block_mass,none,none,0.38605769230769227,0.6139423076923077,0.9470142722129822,0.9974081516265869,1.0,0.05298570170998573,0.022661704570055008,0.08133713901042938,0.9987280964851379,0.9969984292984009,0.10597140341997147,1.101521372795105,0.694436754499163,False,False,False,0.05298572778701782,0.022661704570055008,0.9470142722129822,-0.022661704570055008
0,0.4,aglr_antidiagonal_logsumexp,both_diagonals,logsumexp,0.38605769230769227,0.6139423076923077,0.8978184461593628,0.9906030893325806,0.9999999403953552,0.10218168050050735,0.054308030754327774,0.158915713429451,0.9915558099746704,0.9882450103759766,0.2043633610010147,2.2817933559417725,0.695556640625,False,False,False,0.049195826053619385,0.031646326184272766,0.009225726127624512,0.011338572949171066
0,0.4,aglr_antidiagonal_topk_mean,both_diagonals,topk_mean,0.38605769230769227,0.6139423076923077,0.910568356513977,0.9934120178222656,1.0,0.08943164348602295,0.04631199687719345,0.1440560221672058,0.9933446049690247,0.9900863170623779,0.1788632869720459,1.9776283502578735,0.695556640625,False,False,False,0.03644591569900513,0.023650292307138443,0.02197563648223877,0.01933460682630539
0,0.5,dense,none,none,0.0,1.0,1.0,1.0,1.0000001192092896,2.918698394083208e-09,0.0,0.0,1.0,0.9999998807907104,0.0,0.0,0.49951171875,False,False,False,-0.08247929811477661,-0.03550710901618004,1.0,0.0
0,0.5,mean_pooled_score,none,none,0.523076923076923,0.47692307692307695,0.8403719067573547,0.9802803993225098,0.9999998807907104,0.15962812304496765,0.09607865661382675,0.2057555913925171,0.957004189491272,0.9797921776771545,0.2880062460899353,3.6684768199920654,0.7642947605678013,False,False,False,0.07714879512786865,0.06057154759764671,0.8403719067573547,-0.09607865661382675
0,0.5,oracle_block_mass,none,none,0.49230769230769234,0.5076923076923077,0.9175207018852234,0.993603527545929,1.0,0.0824793130159378,0.03550710901618004,0.12692789733409882,0.9969075322151184,0.9926689863204956,0.1649586260318756,1.740753412246704,0.7477705819266183,False,True,False,0.08247929811477661,0.03550710901618004,0.9175207018852234,-0.03550710901618004
0,0.5,aglr_antidiagonal_logsumexp,both_diagonals,logsumexp,0.4918269230769231,0.5081730769230769,0.8555672764778137,0.9773552417755127,0.9999999403953552,0.1444326937198639,0.07591556757688522,0.22072556614875793,0.9861265420913696,0.977112352848053,0.2888653874397278,3.261323928833008,0.749267578125,False,False,False,0.06195342540740967,0.040408458560705185,0.015195369720458984,0.02016308903694153
0,0.5,aglr_antidiagonal_topk_mean,both_diagonals,topk_mean,0.4918269230769231,0.5081730769230769,0.8718318343162537,0.9836328029632568,0.9999999403953552,0.12816815078258514,0.06524097919464111,0.19766202569007874,0.9891737103462219,0.9813722968101501,0.2563363015651703,2.8563876152038574,0.749267578125,False,False,False,0.04568886756896973,0.029733870178461075,0.031459927558898926,0.03083767741918564
0,0.6,dense,none,none,0.0,1.0,1.0,1.0,1.0000001192092896,2.918698394083208e-09,0.0,0.0,1.0,0.9999998807907104,0.0,0.0,0.49951171875,False,False,False,-0.10928434133529663,-0.045618053525686264,1.0,0.0
0,0.6,mean_pooled_score,none,none,0.6182692307692308,0.3817307692307692,0.8010231256484985,0.9588611125946045,0.9999995827674866,0.19897687435150146,0.11921278387308121,0.2705312967300415,0.9515169262886047,0.9663256406784058,0.36670371890068054,4.561155796051025,0.8122667585100447,False,False,False,0.08969253301620483,0.07359473034739494,0.8010231256484985,-0.11921278387308121
0,0.6,oracle_block_mass,none,none,0.5875,0.4125,0.8907156586647034,0.987779974937439,0.9999999403953552,0.10928431898355484,0.045618053525686264,0.1575731337070465,0.9955825805664062,0.9889515042304993,0.21856863796710968,2.3157522678375244,0.7956199645996094,False,False,False,0.10928434133529663,0.045618053525686264,0.8907156586647034,-0.045618053525686264
0,0.6,aglr_antidiagonal_logsumexp,both_diagonals,logsumexp,0.5870192307692308,0.4129807692307692,0.815377414226532,0.9561293721199036,0.9999998211860657,0.18462252616882324,0.09959723800420761,0.28369009494781494,0.9800829887390137,0.9624322056770325,0.3692450523376465,4.186722755432129,0.797607421875,False,False,False,0.07533824443817139,0.05397918447852135,0.014354288578033447,0.019615545868873596
0,0.6,aglr_antidiagonal_topk_mean,both_diagonals,topk_mean,0.5870192307692308,0.4129807692307692,0.8285543322563171,0.9663012027740479,0.9999998807907104,0.17144565284252167,0.09118968993425369,0.26170819997787476,0.9823487997055054,0.9674109220504761,0.3428913652896881,3.8617379665374756,0.797607421875,False,False,False,0.06216132640838623,0.04557163640856743,0.027531206607818604,0.028023093938827515
1,0.3,dense,none,none,0.0,1.0,1.0,1.0,1.0000001192092896,4.145217058493245e-09,0.0,0.0,1.0,0.9999998807907104,0.0,0.0,0.49951171875,False,False,False,-0.049846529960632324,-0.026527689769864082,1.0,0.0
1,0.3,mean_pooled_score,none,none,0.31682692307692306,0.6831730769230769,0.9056810736656189,0.948845386505127,0.9998603463172913,0.0943189188838005,0.06079641729593277,0.11935333907604218,0.9812526106834412,0.9954589605331421,0.17301282286643982,2.082439422607422,0.6602042061941964,False,False,False,0.04447239637374878,0.03426872752606869,0.9056810736656189,-0.06079641729593277
1,0.3,oracle_block_mass,none,none,0.2860576923076923,0.7139423076923077,0.9501534700393677,0.9701939821243286,0.9999777674674988,0.049846481531858444,0.026527689769864082,0.0682820975780487,0.9988952279090881,0.9983282089233398,0.09969296306371689,1.023026704788208,0.6446282523018974,False,False,False,0.049846529960632324,0.026527689769864082,0.9501534700393677,-0.026527689769864082
1,0.3,aglr_antidiagonal_logsumexp,both_diagonals,logsumexp,0.2860576923076923,0.7139423076923077,0.9336621165275574,0.9610869884490967,0.9999470710754395,0.06633789837360382,0.03535604104399681,0.08998557925224304,0.9983912110328674,0.9970996379852295,0.13267579674720764,1.3868225812911987,0.644775390625,False,False,False,0.016491353511810303,0.008828351274132729,0.027981042861938477,0.02544037625193596
1,0.3,aglr_antidiagonal_topk_mean,both_diagonals,topk_mean,0.2860576923076923,0.7139423076923077,0.9357471466064453,0.9622910022735596,0.9999645948410034,0.0642528310418129,0.03504442796111107,0.0925215408205986,0.9983352422714233,0.9969017505645752,0.1285056620836258,1.3412100076675415,0.644775390625,False,False,False,0.014406323432922363,0.008516738191246986,0.030066072940826416,0.0257519893348217
1,0.4,dense,none,none,0.0,1.0,1.0,1.0,1.0000001192092896,4.145217058493245e-09,0.0,0.0,1.0,0.9999998807907104,0.0,0.0,0.49951171875,False,False,False,-0.07847493886947632,-0.04028952494263649,1.0,0.0
1,0.4,mean_pooled_score,none,none,0.41830357142857144,0.5816964285714286,0.8710477948188782,0.9206259250640869,0.9996486902236938,0.12895222008228302,0.08234047889709473,0.1702151894569397,0.9784688949584961,0.9917969703674316,0.24227945506572723,2.8293375968933105,0.7116944449288505,False,False,False,0.05047726631164551,0.04205095395445824,0.8710477948188782,-0.08234047889709473
1,0.4,oracle_block_mass,none,none,0.38605769230769227,0.6139423076923077,0.9215250611305237,0.9467817544937134,0.9999018907546997,0.07847490161657333,0.04028952494263649,0.10254828631877899,0.9978501200675964,0.9965969920158386,0.15694980323314667,1.6259173154830933,0.695352281842913,False,False,False,0.07847493886947632,0.04028952494263649,0.9215250611305237,-0.04028952494263649
1,0.4,aglr_antidiagonal_logsumexp,both_diagonals,logsumexp,0.38605769230769227,0.6139423076923077,0.8981298804283142,0.9328749179840088,0.9997409582138062,0.10187017917633057,0.05399509519338608,0.13958966732025146,0.9966006278991699,0.9940224289894104,0.20374035835266113,2.148573398590088,0.695556640625,False,False,False,0.023395180702209473,0.013705570250749588,0.027082085609436035,0.02834538370370865
1,0.4,aglr_antidiagonal_topk_mean,both_diagonals,topk_mean,0.38605769230769227,0.6139423076923077,0.9022494554519653,0.9349228143692017,0.9998337030410767,0.09775049239397049,0.05282614380121231,0.13848000764846802,0.9965044856071472,0.9939737319946289,0.19550098478794098,2.0580315589904785,0.695556640625,False,False,False,0.01927560567855835,0.012536618858575821,0.031201660633087158,0.029514335095882416
1,0.5,dense,none,none,0.0,1.0,1.0,1.0,1.0000001192092896,4.145217058493245e-09,0.0,0.0,1.0,0.9999998807907104,0.0,0.0,0.49951171875,False,False,False,-0.11779987812042236,-0.06212688237428665,1.0,0.0
1,0.5,mean_pooled_score,none,none,0.523076923076923,0.47692307692307695,0.8204624056816101,0.884400486946106,0.9992049932479858,0.1795375645160675,0.11936286836862564,0.2632239758968353,0.9608038663864136,0.9830155968666077,0.327825129032135,3.9689974784851074,0.7648179190499442,False,False,False,0.06173771619796753,0.05723598599433899,0.8204624056816101,-0.11936286836862564
1,0.5,oracle_block_mass,none,none,0.49230769230769234,0.5076923076923077,0.8822001218795776,0.914649486541748,0.9995914697647095,0.11779988557100296,0.06212688237428665,0.15348178148269653,0.9956296682357788,0.9930253028869629,0.23559977114200592,2.4719619750976562,0.7492010934012276,False,False,False,0.11779987812042236,0.06212688237428665,0.8822001218795776,-0.06212688237428665
1,0.5,aglr_antidiagonal_logsumexp,both_diagonals,logsumexp,0.4918269230769231,0.5081730769230769,0.8591450452804565,0.8990708589553833,0.9994422197341919,0.14085496962070465,0.07546370476484299,0.20124295353889465,0.9944186806678772,0.9891518950462341,0.2817099392414093,2.982201099395752,0.749267578125,False,False,False,0.023055076599121094,0.013336822390556335,0.038682639598846436,0.043899163603782654
1,0.5,aglr_antidiagonal_topk_mean,both_diagonals,topk_mean,0.4918269230769231,0.5081730769230769,0.8644159436225891,0.9038810729980469,0.9995495080947876,0.1355840414762497,0.07334303855895996,0.19575272500514984,0.9943894743919373,0.9892172813415527,0.2711680829524994,2.8673369884490967,0.749267578125,False,False,False,0.017784178256988525,0.01121615618467331,0.043953537940979004,0.04601982980966568
1,0.6,dense,none,none,0.0,1.0,1.0,1.0,1.0000001192092896,4.145217058493245e-09,0.0,0.0,1.0,0.9999998807907104,0.0,0.0,0.49951171875,False,False,False,-0.15192270278930664,-0.08010624349117279,1.0,0.0
1,0.6,mean_pooled_score,none,none,0.6182692307692308,0.3817307692307692,0.7826042175292969,0.8450556397438049,0.9983240365982056,0.21739578247070312,0.1445128619670868,0.3389873802661896,0.958161473274231,0.9730668663978577,0.40354156494140625,4.7837090492248535,0.8131414140973772,False,False,False,0.06547307968139648,0.064406618475914,0.7826042175292969,-0.1445128619670868
1,0.6,oracle_block_mass,none,none,0.5875,0.4125,0.8480772972106934,0.8823773860931396,0.9991337060928345,0.15192270278930664,0.08010624349117279,0.20581313967704773,0.9938331842422485,0.9888910055160522,0.3038454055786133,3.1957147121429443,0.7974510192871094,False,False,False,0.15192270278930664,0.08010624349117279,0.8480772972106934,-0.08010624349117279
1,0.6,aglr_antidiagonal_logsumexp,both_diagonals,logsumexp,0.5870192307692308,0.4129807692307692,0.823309063911438,0.8645884990692139,0.9988138675689697,0.17669090628623962,0.09793402254581451,0.2635733187198639,0.9920929670333862,0.9816240072250366,0.35338181257247925,3.747352123260498,0.797607421875,False,False,False,0.02476823329925537,0.017827779054641724,0.04070484638214111,0.04657883942127228
1,0.6,aglr_antidiagonal_topk_mean,both_diagonals,topk_mean,0.5870192307692308,0.4129807692307692,0.8286728858947754,0.8683205842971802,0.9990373849868774,0.1713271290063858,0.09573764353990555,0.2571409344673157,0.9919211268424988,0.9821068048477173,0.342654287815094,3.6299662590026855,0.797607421875,False,False,False,0.01940441131591797,0.015631400048732758,0.046068668365478516,0.048775218427181244
2,0.3,dense,none,none,0.0,1.0,1.0,1.0,1.0000001192092896,5.76671599361589e-09,0.0,0.0,1.0,0.9999998807907104,0.0,0.0,0.49951171875,False,False,False,-0.03399175405502319,-0.032510992139577866,1.0,0.0
2,0.3,mean_pooled_score,none,none,0.31682692307692306,0.6831730769230769,0.914829671382904,0.963188886642456,0.9995664358139038,0.08517032116651535,0.09929166734218597,0.21414496004581451,0.9762416481971741,0.987021803855896,0.1547156423330307,1.9752581119537354,0.6601633344377791,False,False,False,0.051178574562072754,0.06678067520260811,0.914829671382904,-0.09929166734218597
2,0.3,oracle_block_mass,none,none,0.2860576923076923,0.7139423076923077,0.9660082459449768,0.9832708835601807,0.9998626708984375,0.03399164602160454,0.032510992139577866,0.08273828774690628,0.9987354278564453,0.9975465536117554,0.06798329204320908,0.7211236953735352,0.644775390625,False,False,False,0.03399175405502319,0.032510992139577866,0.9660082459449768,-0.032510992139577866
2,0.3,aglr_antidiagonal_logsumexp,both_diagonals,logsumexp,0.2860576923076923,0.7139423076923077,0.9401496052742004,0.9653009176254272,0.9997700452804565,0.05985040217638016,0.06051892042160034,0.15345367789268494,0.9966477155685425,0.9918584823608398,0.11970080435276031,1.3106447458267212,0.644775390625,False,False,False,0.025858640670776367,0.028007928282022476,0.025319933891296387,0.03877274692058563
2,0.3,aglr_antidiagonal_topk_mean,both_diagonals,topk_mean,0.2860576923076923,0.7139423076923077,0.9471046328544617,0.9705910682678223,0.9998006224632263,0.052895400673151016,0.052986107766628265,0.1365228295326233,0.9972869157791138,0.9934858679771423,0.10579080134630203,1.1546499729156494,0.644775390625,False,False,False,0.018903613090515137,0.0204751156270504,0.03227496147155762,0.04630555957555771
2,0.4,dense,none,none,0.0,1.0,1.0,1.0,1.0000001192092896,5.76671599361589e-09,0.0,0.0,1.0,0.9999998807907104,0.0,0.0,0.49951171875,False,False,False,-0.05707436800003052,-0.05443093553185463,1.0,0.0
2,0.4,mean_pooled_score,none,none,0.4182692307692307,0.5817307692307693,0.882999837398529,0.9414609670639038,0.9990251064300537,0.11700008809566498,0.1481035202741623,0.3206498324871063,0.9681569933891296,0.9723660945892334,0.21837517619132996,2.6968438625335693,0.7116524832589286,False,False,False,0.05992579460144043,0.09367258474230766,0.882999837398529,-0.1481035202741623
2,0.4,oracle_block_mass,none,none,0.38605769230769227,0.6139423076923077,0.9429256319999695,0.968570351600647,0.9995537400245667,0.05707431584596634,0.05443093553185463,0.136097714304924,0.9964588284492493,0.9941031336784363,0.11414865404367447,1.226330041885376,0.6955157688685826,False,False,False,0.05707436800003052,0.05443093553185463,0.9429256319999695,-0.05443093553185463
2,0.4,aglr_antidiagonal_logsumexp,both_diagonals,logsumexp,0.38605769230769227,0.6139423076923077,0.9079598188400269,0.9406329393386841,0.9992682337760925,0.09204013645648956,0.09500187635421753,0.24611987173557281,0.9929423332214355,0.9815877676010132,0.18408027291297913,2.0259532928466797,0.695556640625,False,False,False,0.03496581315994263,0.0405709408223629,0.024959981441497803,0.05310164391994476
2,0.4,aglr_antidiagonal_topk_mean,both_diagonals,topk_mean,0.38605769230769227,0.6139423076923077,0.917573094367981,0.9483091831207275,0.9993579387664795,0.08242695778608322,0.08414920419454575,0.2130715548992157,0.9941828846931458,0.9854035377502441,0.16485391557216644,1.8100684881210327,0.695556640625,False,False,False,0.025352537631988525,0.029718268662691116,0.034573256969451904,0.06395431607961655
2,0.5,dense,none,none,0.0,1.0,1.0,1.0,1.0000001192092896,5.76671599361589e-09,0.0,0.0,1.0,0.9999998807907104,0.0,0.0,0.49951171875,False,False,False,-0.09149688482284546,-0.09452766180038452,1.0,0.0
2,0.5,mean_pooled_score,none,none,0.523076923076923,0.47692307692307695,0.8395057320594788,0.9105609655380249,0.9981595277786255,0.16049423813819885,0.19480733573436737,0.48586323857307434,0.9471930265426636,0.9406818151473999,0.2897384762763977,3.705519437789917,0.7647361755371094,False,False,False,0.06899738311767578,0.10027967393398285,0.8395057320594788,-0.19480733573436737
2,0.5,oracle_block_mass,none,none,0.49230769230769234,0.5076923076923077,0.9085031151771545,0.9441378712654114,0.9988142848014832,0.0914967805147171,0.09452766180038452,0.21774575114250183,0.9908633828163147,0.9859381914138794,0.1829935610294342,1.9953919649124146,0.7494136265345982,False,True,False,0.09149688482284546,0.09452766180038452,0.9085031151771545,-0.09452766180038452
2,0.5,aglr_antidiagonal_logsumexp,both_diagonals,logsumexp,0.4918269230769231,0.5081730769230769,0.8673256635665894,0.9059170484542847,0.9986079931259155,0.13267438113689423,0.14377984404563904,0.36613279581069946,0.9863166809082031,0.9616113305091858,0.26534873247146606,2.933523654937744,0.749267578125,False,False,False,0.041177451610565186,0.04925218224525452,0.027819931507110596,0.05102749168872833
2,0.5,aglr_antidiagonal_topk_mean,both_diagonals,topk_mean,0.4918269230769231,0.5081730769230769,0.881289541721344,0.9215984344482422,0.9987083077430725,0.11871042102575302,0.1276053935289383,0.3186362385749817,0.9884529709815979,0.969558596611023,0.23742084205150604,2.619746446609497,0.749267578125,False,False,False,0.027213573455810547,0.03307773172855377,0.041783809661865234,0.06720194220542908
2,0.6,dense,none,none,0.0,1.0,1.0,1.0,1.0000001192092896,5.76671599361589e-09,0.0,0.0,1.0,0.9999998807907104,0.0,0.0,0.49951171875,False,False,False,-0.12115585803985596,-0.1257448047399521,1.0,0.0
2,0.6,mean_pooled_score,none,none,0.6182692307692308,0.3817307692307692,0.8023870587348938,0.8714199066162109,0.9968644380569458,0.19761300086975098,0.2465389221906662,0.6570199728012085,0.9378491640090942,0.899071216583252,0.36397600173950195,4.542725563049316,0.813018798828125,False,False,False,0.07645708322525024,0.12079411745071411,0.8023870587348938,-0.2465389221906662
2,0.6,oracle_block_mass,none,none,0.5875,0.4125,0.878844141960144,0.9189145565032959,0.9979534149169922,0.12115585803985596,0.1257448047399521,0.3030712604522705,0.9871679544448853,0.9752679467201233,0.24231171607971191,2.6457741260528564,0.7977289472307478,False,False,False,0.12115585803985596,0.1257448047399521,0.878844141960144,-0.1257448047399521
2,0.6,aglr_antidiagonal_logsumexp,both_diagonals,logsumexp,0.5870192307692308,0.4129807692307692,0.8288241028785706,0.8709656000137329,0.9976974725723267,0.17117588222026825,0.19420254230499268,0.4960234761238098,0.9782849550247192,0.9345535039901733,0.3423517644405365,3.7942464351654053,0.797607421875,False,False,False,0.050020039081573486,0.06845773756504059,0.026437044143676758,0.05233637988567352
2,0.6,aglr_antidiagonal_topk_mean,both_diagonals,topk_mean,0.5870192307692308,0.4129807692307692,0.8473262786865234,0.890582263469696,0.9977972507476807,0.15267370641231537,0.170892596244812,0.4325609803199768,0.9817987084388733,0.9493284225463867,0.30534741282463074,3.375129222869873,0.797607421875,False,False,False,0.031517863273620605,0.045147791504859924,0.04493921995162964,0.07564632594585419
3,0.3,dense,none,none,0.0,1.0,1.0,1.0,1.0000001192092896,-7.745776464673781e-09,0.0,0.0,1.0,0.9999998807907104,0.0,0.0,0.49951171875,False,False,False,-0.014997422695159912,-0.023960670456290245,1.0,0.0
3,0.3,mean_pooled_score,none,none,0.31682692307692306,0.6831730769230769,0.8765299916267395,0.9665969610214233,0.9997753500938416,0.12346996366977692,0.372096449136734,0.9804681539535522,0.9432967305183411,0.9454435110092163,0.23131492733955383,3.10282564163208,0.6593295506068638,False,False,False,0.10847258567810059,0.34813577868044376,0.8765299916267395,-0.372096449136734
3,0.3,oracle_block_mass,none,none,0.2860576923076923,0.7139423076923077,0.9850025773048401,0.9957035779953003,0.999960720539093,0.014997388236224651,0.023960670456290245,0.06484328210353851,0.998498260974884,0.9985471963882446,0.029994796961545944,0.2988469898700714,0.6446691240583147,False,False,False,0.014997422695159912,0.023960670456290245,0.9850025773048401,-0.023960670456290245
3,0.3,aglr_antidiagonal_logsumexp,both_diagonals,logsumexp,0.2860576923076923,0.7139423076923077,0.9763172268867493,0.9924450516700745,0.9999511241912842,0.02368282899260521,0.035352639853954315,0.07298749685287476,0.9964396357536316,0.9979788064956665,0.047365669161081314,0.5047922730445862,0.644775390625,False,False,False,0.00868535041809082,0.01139196939766407,0.09978723526000977,0.3367438092827797
3,0.3,aglr_antidiagonal_topk_mean,both_diagonals,topk_mean,0.2860576923076923,0.7139423076923077,0.9747748374938965,0.9908646941184998,0.9999536275863647,0.025225039571523666,0.03581720218062401,0.07205953449010849,0.9959415793418884,0.998075008392334,0.05045009404420853,0.5425688624382019,0.644775390625,False,False,False,0.010227739810943604,0.011856531724333763,0.09824484586715698,0.33627924695611
3,0.4,dense,none,none,0.0,1.0,1.0,1.0,1.0000001192092896,-7.745776464673781e-09,0.0,0.0,1.0,0.9999998807907104,0.0,0.0,0.49951171875,False,False,False,-0.02657938003540039,-0.03755633160471916,1.0,0.0
3,0.4,mean_pooled_score,none,none,0.4182692307692307,0.5817307692307693,0.8310651779174805,0.9450944662094116,0.9992182850837708,0.1689348965883255,0.5144509077072144,1.3344454765319824,0.9256559014320374,0.8278206586837769,0.3222448527812958,4.235230445861816,0.7106960841587612,False,False,False,0.14235544204711914,0.4768945761024952,0.8310651779174805,-0.5144509077072144
3,0.4,oracle_block_mass,none,none,0.38605769230769227,0.6139423076923077,0.9734206199645996,0.9888876676559448,0.9998767375946045,0.026579340919852257,0.03755633160471916,0.10314427316188812,0.996674656867981,0.996636152267456,0.053158700466156006,0.5420107841491699,0.6954095023018974,False,False,False,0.02657938003540039,0.03755633160471916,0.9734206199645996,-0.03755633160471916
3,0.4,aglr_antidiagonal_logsumexp,both_diagonals,logsumexp,0.38605769230769227,0.6139423076923077,0.9512201547622681,0.9827446937561035,0.999843955039978,0.04877980425953865,0.10340036451816559,0.13022643327713013,0.9857886433601379,0.9940440058708191,0.0975596234202385,1.102936863899231,0.695556640625,False,False,False,0.022200465202331543,0.06584403291344643,0.1201549768447876,0.41105054318904877
3,0.4,aglr_antidiagonal_topk_mean,both_diagonals,topk_mean,0.38605769230769227,0.6139423076923077,0.9502854347229004,0.9814396500587463,0.999850869178772,0.049714501947164536,0.10765133798122406,0.12905700504779816,0.9858149290084839,0.9942910671234131,0.09942901134490967,1.1289547681808472,0.695556640625,False,False,False,0.02313518524169922,0.0700950063765049,0.11922025680541992,0.4067995697259903
3,0.5,dense,none,none,0.0,1.0,1.0,1.0,1.0000001192092896,-7.745776464673781e-09,0.0,0.0,1.0,0.9999998807907104,0.0,0.0,0.49951171875,False,False,False,-0.044887423515319824,-0.06371854245662689,1.0,0.0
3,0.5,mean_pooled_score,none,none,0.523076923076923,0.47692307692307695,0.7676364183425903,0.9113901853561401,0.9956398010253906,0.23236355185508728,0.663476288318634,1.871273159980774,0.892196536064148,0.556206226348877,0.43347710371017456,5.833796977996826,0.763747079031808,False,False,False,0.18747615814208984,0.5997577458620071,0.7676364183425903,-0.663476288318634
3,0.5,oracle_block_mass,none,none,0.49230769230769234,0.5076923076923077,0.9551125764846802,0.9769764542579651,0.9996666312217712,0.044887419790029526,0.06371854245662689,0.17459364235401154,0.9905390739440918,0.9903826713562012,0.08977485448122025,0.9413732290267944,0.7492664882114956,False,True,True,0.044887423515319824,0.06371854245662689,0.9551125764846802,-0.06371854245662689
3,0.5,aglr_antidiagonal_logsumexp,both_diagonals,logsumexp,0.4918269230769231,0.5081730769230769,0.9241671562194824,0.9684845209121704,0.9996492862701416,0.0758328065276146,0.17156793177127838,0.21483135223388672,0.976447582244873,0.9853154420852661,0.15166564285755157,1.7376244068145752,0.749267578125,False,True,False,0.030945420265197754,0.10784938931465149,0.1565307378768921,0.49190835654735565
3,0.5,aglr_antidiagonal_topk_mean,both_diagonals,topk_mean,0.4918269230769231,0.5081730769230769,0.9234904050827026,0.968342125415802,0.9996684789657593,0.07650957256555557,0.18036898970603943,0.20648834109306335,0.9757480025291443,0.9861447215080261,0.15301916003227234,1.7613046169281006,0.749267578125,False,True,False,0.03162217140197754,0.11665044724941254,0.1558539867401123,0.4831072986125946
3,0.6,dense,none,none,0.0,1.0,1.0,1.0,1.0000001192092896,-7.745776464673781e-09,0.0,0.0,1.0,0.9999998807907104,0.0,0.0,0.49951171875,False,False,False,-0.060772061347961426,-0.08296603709459305,1.0,0.0
3,0.6,mean_pooled_score,none,none,0.6182692307692308,0.3817307692307692,0.6937702298164368,0.82433021068573,0.9790335893630981,0.3062297999858856,0.9118685126304626,2.482227325439453,0.861897885799408,0.36243167519569397,0.5812095403671265,7.706386089324951,0.8120378766741072,False,False,False,0.2454577088356018,0.8289024755358696,0.6937702298164368,-0.9118685126304626
3,0.6,oracle_block_mass,none,none,0.5875,0.4125,0.9392279386520386,0.9633252620697021,0.9993780851364136,0.06077207252383232,0.08296603709459305,0.22559532523155212,0.9871875047683716,0.9835546612739563,0.12154417484998703,1.278640866279602,0.7975245884486607,True,True,False,0.060772061347961426,0.08296603709459305,0.9392279386520386,-0.08296603709459305
3,0.6,aglr_antidiagonal_logsumexp,both_diagonals,logsumexp,0.5870192307692308,0.4129807692307692,0.8941835761070251,0.9524779915809631,0.9993600845336914,0.10581640899181366,0.2500453293323517,0.3232858180999756,0.9630690217018127,0.9691494703292847,0.21163281798362732,2.4515278339385986,0.797607421875,False,False,False,0.04504436254501343,0.16707929223775864,0.20041334629058838,0.661823183298111
3,0.6,aglr_antidiagonal_topk_mean,both_diagonals,topk_mean,0.5870192307692308,0.4129807692307692,0.8894351720809937,0.9518870115280151,0.9993975758552551,0.11056480556726456,0.2833116352558136,0.33674490451812744,0.9611090421676636,0.9694408774375916,0.2211296111345291,2.5889103412628174,0.797607421875,False,False,False,0.04979276657104492,0.20034559816122055,0.19566494226455688,0.628556877374649
4,0.3,dense,none,none,0.0,1.0,1.0,1.0,1.0000001192092896,-4.116113228036511e-09,0.0,0.0,1.0,0.9999998807907104,0.0,0.0,0.49951171875,False,False,False,-0.03869074583053589,-0.03164065629243851,1.0,0.0
4,0.3,mean_pooled_score,none,none,0.31682692307692306,0.6831730769230769,0.8649073839187622,0.9425625801086426,0.9998842477798462,0.13509266078472137,0.2285129725933075,0.5697603225708008,0.9496344327926636,0.9548661112785339,0.25456035137176514,3.250251293182373,0.6598608834402901,False,False,False,0.0964018702507019,0.196872316300869,0.8649073839187622,-0.2285129725933075
4,0.3,oracle_block_mass,none,none,0.2860576923076923,0.7139423076923077,0.9613092541694641,0.9963921308517456,0.9999690055847168,0.03869080916047096,0.03164065629243851,0.10078614950180054,0.9984526634216309,0.9956430792808533,0.07738163322210312,0.7904340028762817,0.6442522321428572,False,False,False,0.03869074583053589,0.03164065629243851,0.9613092541694641,-0.03164065629243851
4,0.3,aglr_antidiagonal_logsumexp,both_diagonals,logsumexp,0.2860576923076923,0.7139423076923077,0.9451974034309387,0.9958932399749756,0.9999670386314392,0.054802656173706055,0.051948513835668564,0.1470159888267517,0.9960280656814575,0.9911864995956421,0.10960531234741211,1.1763461828231812,0.644775390625,False,False,False,0.01611185073852539,0.020307857543230057,0.08029001951217651,0.17656445875763893
4,0.3,aglr_antidiagonal_topk_mean,both_diagonals,topk_mean,0.2860576923076923,0.7139423076923077,0.944584846496582,0.9958391189575195,0.9999686479568481,0.05541509389877319,0.05315018072724342,0.1547326296567917,0.9959880113601685,0.9904096126556396,0.11083019524812698,1.1894735097885132,0.644775390625,False,False,False,0.01672440767288208,0.021509524434804916,0.07967746257781982,0.17536279186606407
4,0.4,dense,none,none,0.0,1.0,1.0,1.0,1.0000001192092896,-4.116113228036511e-09,0.0,0.0,1.0,0.9999998807907104,0.0,0.0,0.49951171875,False,False,False,-0.059994399547576904,-0.048697132617235184,1.0,0.0
4,0.4,mean_pooled_score,none,none,0.4182692307692307,0.5817307692307693,0.8124975562095642,0.8724684715270996,0.9996954202651978,0.18750250339508057,0.3239072263240814,0.9530736207962036,0.9328407645225525,0.9008445143699646,0.35937997698783875,4.50984525680542,0.7113255092075893,False,False,False,0.1275080442428589,0.27521009370684624,0.8124975562095642,-0.3239072263240814
4,0.4,oracle_block_mass,none,none,0.38605769230769227,0.6139423076923077,0.9400056004524231,0.9923152923583984,0.9998953342437744,0.059994470328092575,0.048697132617235184,0.1497795283794403,0.9960350394248962,0.9904696941375732,0.11998896300792694,1.2388156652450562,0.694894518171038,False,False,False,0.059994399547576904,0.048697132617235184,0.9400056004524231,-0.048697132617235184
4,0.4,aglr_antidiagonal_logsumexp,both_diagonals,logsumexp,0.38605769230769227,0.6139423076923077,0.9097381234169006,0.9913241267204285,0.9998853802680969,0.09026183933019638,0.09090689569711685,0.2377963364124298,0.9896968007087708,0.9804355502128601,0.18052370846271515,1.9861729145050049,0.695556640625,False,False,False,0.03026747703552246,0.04220976307988167,0.09724056720733643,0.23300033062696457
4,0.4,aglr_antidiagonal_topk_mean,both_diagonals,topk_mean,0.38605769230769227,0.6139423076923077,0.9121927618980408,0.990936279296875,0.9998879432678223,0.08780727535486221,0.08846701681613922,0.23473581671714783,0.9902029037475586,0.9802978038787842,0.17561455070972443,1.9208252429962158,0.695556640625,False,False,False,0.027812838554382324,0.03976988419890404,0.09969520568847656,0.2354402095079422
4,0.5,dense,none,none,0.0,1.0,1.0,1.0,1.0000001192092896,-4.116113228036511e-09,0.0,0.0,1.0,0.9999998807907104,0.0,0.0,0.49951171875,False,False,False,-0.08964347839355469,-0.07644457370042801,1.0,0.0
4,0.5,mean_pooled_score,none,none,0.523076923076923,0.47692307692307695,0.7393811941146851,0.7923685312271118,0.9991753697395325,0.2606188952922821,0.4475453197956085,1.1831433773040771,0.8978049159049988,0.727885365486145,0.4899877905845642,6.299561977386475,0.7644418988909041,False,False,False,0.17097532749176025,0.3711007460951805,0.7393811941146851,-0.4475453197956085
4,0.5,oracle_block_mass,none,none,0.49230769230769234,0.5076923076923077,0.9103565216064453,0.984322190284729,0.9996973276138306,0.08964356034994125,0.07644457370042801,0.22369545698165894,0.9903713464736938,0.9782166481018066,0.1792871505022049,1.8782949447631836,0.7486942836216518,False,True,False,0.08964347839355469,0.07644457370042801,0.9103565216064453,-0.07644457370042801
4,0.5,aglr_antidiagonal_logsumexp,both_diagonals,logsumexp,0.4918269230769231,0.5081730769230769,0.8722668886184692,0.9839845299720764,0.9997384548187256,0.12773308157920837,0.1326635330915451,0.34766313433647156,0.9820934534072876,0.9622108936309814,0.25546616315841675,2.8341457843780518,0.749267578125,False,False,False,0.038089632987976074,0.056218959391117096,0.13288569450378418,0.3148817867040634
4,0.5,aglr_antidiagonal_topk_mean,both_diagonals,topk_mean,0.4918269230769231,0.5081730769230769,0.8725482821464539,0.9834819436073303,0.999753475189209,0.12745173275470734,0.13294315338134766,0.3490603268146515,0.9824906587600708,0.962973952293396,0.2549034655094147,2.825941801071167,0.749267578125,False,False,False,0.037808239459991455,0.05649857968091965,0.1331670880317688,0.31460216641426086
4,0.6,dense,none,none,0.0,1.0,1.0,1.0,1.0000001192092896,-4.116113228036511e-09,0.0,0.0,1.0,0.9999998807907104,0.0,0.0,0.49951171875,False,False,False,-0.11555099487304688,-0.0977809876203537,1.0,0.0
4,0.6,mean_pooled_score,none,none,0.6182692307692308,0.3817307692307692,0.6738787889480591,0.7149165272712708,0.9979337453842163,0.32612118124961853,0.575174868106842,1.7626993656158447,0.8747548460960388,0.5580112338066101,0.6209923624992371,7.893399238586426,0.8127163478306362,False,False,False,0.21057021617889404,0.47739388048648834,0.6738787889480591,-0.575174868106842
4,0.6,oracle_block_mass,none,none,0.5875,0.4125,0.8844490051269531,0.9758555889129639,0.9994276762008667,0.11555103212594986,0.0977809876203537,0.29368457198143005,0.9859873056411743,0.962211549282074,0.23110206425189972,2.427712917327881,0.79693603515625,False,False,False,0.11555099487304688,0.0977809876203537,0.8844490051269531,-0.0977809876203537
4,0.6,aglr_antidiagonal_logsumexp,both_diagonals,logsumexp,0.5870192307692308,0.4129807692307692,0.8373371362686157,0.9731285572052002,0.9994769096374512,0.16266284883022308,0.17225320637226105,0.460460901260376,0.9742205739021301,0.9396867752075195,0.32532575726509094,3.6203510761260986,0.797607421875,False,False,False,0.0471118688583374,0.07447221875190735,0.16345834732055664,0.402921661734581
4,0.6,aglr_antidiagonal_topk_mean,both_diagonals,topk_mean,0.5870192307692308,0.4129807692307692,0.8364453911781311,0.9720488786697388,0.9994943141937256,0.16355465352535248,0.17425617575645447,0.45735102891921997,0.9744221568107605,0.9403244256973267,0.32710930705070496,3.643522024154663,0.797607421875,False,False,False,0.04800361394882202,0.07647518813610077,0.16256660223007202,0.4009186923503876
5,0.3,dense,none,none,0.0,1.0,1.0,1.0,1.0000001192092896,1.3387762010097504e-09,0.0,0.0,1.0,0.9999998807907104,0.0,0.0,0.49951171875,False,False,False,-0.04087483882904053,-0.048473961651325226,1.0,0.0
5,0.3,mean_pooled_score,none,none,0.31682692307692306,0.6831730769230769,0.9001476168632507,0.9596074223518372,0.9984593391418457,0.09985225647687912,0.15790806710720062,0.26709675788879395,0.9681974053382874,0.9775732755661011,0.18407951295375824,2.3176217079162598,0.6590924944196428,False,False,False,0.05897754430770874,0.1094341054558754,0.9001476168632507,-0.15790806710720062
5,0.3,oracle_block_mass,none,none,0.2860576923076923,0.7139423076923077,0.9591251611709595,0.9777712821960449,0.9995666146278381,0.040874868631362915,0.048473961651325226,0.11478029191493988,0.9977668523788452,0.9942163228988647,0.08174974471330643,0.8294385075569153,0.6436636788504464,False,False,False,0.04087483882904053,0.048473961651325226,0.9591251611709595,-0.048473961651325226
5,0.3,aglr_antidiagonal_logsumexp,both_diagonals,logsumexp,0.2860576923076923,0.7139423076923077,0.9480393528938293,0.9744852781295776,0.9994893074035645,0.05196072533726692,0.06010736897587776,0.14615169167518616,0.9965065717697144,0.9907182455062866,0.10392145067453384,1.0740783214569092,0.644775390625,False,False,False,0.011085808277130127,0.011633407324552536,0.04789173603057861,0.09780069813132286
5,0.3,aglr_antidiagonal_topk_mean,both_diagonals,topk_mean,0.2860576923076923,0.7139423076923077,0.9473863840103149,0.9738691449165344,0.9994775652885437,0.05261363461613655,0.06138899549841881,0.14757579565048218,0.9962218403816223,0.9904786348342896,0.1052272841334343,1.087997555732727,0.644775390625,False,False,False,0.011738777160644531,0.012915033847093582,0.04723876714706421,0.09651907160878181
5,0.4,dense,none,none,0.0,1.0,1.0,1.0,1.0000001192092896,1.3387762010097504e-09,0.0,0.0,1.0,0.9999998807907104,0.0,0.0,0.49951171875,False,False,False,-0.06404054164886475,-0.07499711960554123,1.0,0.0
5,0.4,mean_pooled_score,none,none,0.4182692307692307,0.5817307692307693,0.8502374291419983,0.9328625798225403,0.9971562623977661,0.14976252615451813,0.26243114471435547,0.55106520652771,0.9531606435775757,0.9428615570068359,0.28390005230903625,3.502362012863159,0.7104345049176897,False,False,False,0.08572202920913696,0.18743402510881424,0.8502374291419983,-0.26243114471435547
5,0.4,oracle_block_mass,none,none,0.38605769230769227,0.6139423076923077,0.9359594583511353,0.96329665184021,0.9989230632781982,0.06404049694538116,0.07499711960554123,0.17437788844108582,0.9947313666343689,0.9865885376930237,0.12808099389076233,1.3110977411270142,0.6942732674734933,False,False,False,0.06404054164886475,0.07499711960554123,0.9359594583511353,-0.07499711960554123
5,0.4,aglr_antidiagonal_logsumexp,both_diagonals,logsumexp,0.38605769230769227,0.6139423076923077,0.913112223148346,0.9565571546554565,0.9987586736679077,0.08688773214817047,0.11648393422365189,0.2231292873620987,0.9874914288520813,0.9786310195922852,0.17377546429634094,1.857824444770813,0.695556640625,False,False,False,0.022847235202789307,0.04148681461811066,0.06287479400634766,0.14594721049070358
5,0.4,aglr_antidiagonal_topk_mean,both_diagonals,topk_mean,0.38605769230769227,0.6139423076923077,0.9124682545661926,0.9556602239608765,0.9987524747848511,0.08753172308206558,0.117705337703228,0.22617772221565247,0.9871616959571838,0.9779024124145508,0.17506347596645355,1.8715177774429321,0.695556640625,False,False,False,0.023491203784942627,0.04270821809768677,0.062230825424194336,0.14472580701112747
5,0.5,dense,none,none,0.0,1.0,1.0,1.0,1.0000001192092896,1.3387762010097504e-09,0.0,0.0,1.0,0.9999998807907104,0.0,0.0,0.49951171875,False,False,False,-0.09594261646270752,-0.11485473811626434,1.0,0.0
5,0.5,mean_pooled_score,none,none,0.523076923076923,0.47692307692307695,0.7845036387443542,0.8834218382835388,0.9952452182769775,0.21549630165100098,0.37768521904945374,1.0,0.9219570159912109,0.852070689201355,0.39974260330200195,5.088685512542725,0.7634119306291853,False,False,False,0.11955374479293823,0.2628304809331894,0.7845036387443542,-0.37768521904945374
5,0.5,oracle_block_mass,none,none,0.49230769230769234,0.5076923076923077,0.9040573835372925,0.9427035450935364,0.9976470470428467,0.09594261646270752,0.11485473811626434,0.2566143274307251,0.9863625168800354,0.9703105688095093,0.19188523292541504,1.99140465259552,0.7479095458984375,False,True,False,0.09594261646270752,0.11485473811626434,0.9040573835372925,-0.11485473811626434
5,0.5,aglr_antidiagonal_logsumexp,both_diagonals,logsumexp,0.4918269230769231,0.5081730769230769,0.8740293383598328,0.9330813884735107,0.9978213310241699,0.12597061693668365,0.17847588658332825,0.3129088580608368,0.9769056439399719,0.9580453634262085,0.2519412338733673,2.7280235290527344,0.749267578125,False,False,False,0.030028045177459717,0.0636211484670639,0.08952569961547852,0.1992093324661255
5,0.5,aglr_antidiagonal_topk_mean,both_diagonals,topk_mean,0.4918269230769231,0.5081730769230769,0.8732925057411194,0.9334511756896973,0.9978963732719421,0.12670744955539703,0.17959831655025482,0.3135095238685608,0.9764937162399292,0.9574972987174988,0.25341489911079407,2.7442240715026855,0.749267578125,False,False,False,0.030764877796173096,0.06474357843399048,0.08878886699676514,0.1980869024991989
5,0.6,dense,none,none,0.0,1.0,1.0,1.0,1.0000001192092896,1.3387762010097504e-09,0.0,0.0,1.0,0.9999998807907104,0.0,0.0,0.49951171875,False,False,False,-0.1247982382774353,-0.14938752353191376,1.0,0.0
5,0.6,mean_pooled_score,none,none,0.6182692307692308,0.3817307692307692,0.7348559498786926,0.8295679092407227,0.9924853444099426,0.2651440501213074,0.4788503050804138,1.2090966701507568,0.9037242531776428,0.7727519273757935,0.49903813004493713,6.250717639923096,0.8116128104073661,False,False,False,0.14034581184387207,0.32946278154850006,0.7348559498786926,-0.4788503050804138
5,0.6,oracle_block_mass,none,none,0.5875,0.4125,0.8752017617225647,0.922795295715332,0.9964693784713745,0.12479815632104874,0.14938752353191376,0.33857378363609314,0.978911280632019,0.9477530717849731,0.24959631264209747,2.599684000015259,0.7961104256766183,False,False,False,0.1247982382774353,0.14938752353191376,0.8752017617225647,-0.14938752353191376
5,0.6,aglr_antidiagonal_logsumexp,both_diagonals,logsumexp,0.5870192307692308,0.4129807692307692,0.8336141705513,0.9071351289749146,0.9966557621955872,0.16638581454753876,0.24483059346675873,0.4188360869884491,0.9631509780883789,0.925624668598175,0.3327716290950775,3.6356587409973145,0.797607421875,False,False,False,0.04158759117126465,0.09544306993484497,0.09875822067260742,0.2340197116136551
5,0.6,aglr_antidiagonal_topk_mean,both_diagonals,topk_mean,0.5870192307692308,0.4129807692307692,0.8335248231887817,0.9076818823814392,0.9967105388641357,0.16647520661354065,0.24638770520687103,0.4236123561859131,0.9621981382369995,0.9240198135375977,0.3329504430294037,3.637897491455078,0.797607421875,False,False,False,0.04167693853378296,0.09700018167495728,0.09866887331008911,0.23246259987354279
8,0.3,dense,none,none,0.0,1.0,1.0,1.0,1.0000001192092896,2.3158333029016376e-09,0.0,0.0,1.0,0.9999998807907104,0.0,0.0,0.49951171875,False,False,False,-0.013126671314239502,-0.009677840396761894,1.0,0.0
8,0.3,mean_pooled_score,none,none,0.31682692307692306,0.6831730769230769,0.9179996848106384,0.9981136322021484,0.9999843239784241,0.08200030028820038,0.12070518732070923,0.31838351488113403,0.9722281694412231,0.9870073795318604,0.14837560057640076,2.0176494121551514,0.6602450779506138,False,False,False,0.06887364387512207,0.11102734692394733,0.9179996848106384,-0.12070518732070923
8,0.3,oracle_block_mass,none,none,0.2860576923076923,0.7139423076923077,0.9868733286857605,0.9995145201683044,0.9999999403953552,0.013126680627465248,0.009677840396761894,0.02932976558804512,0.9996678233146667,0.9997512102127075,0.026253363117575645,0.2669702172279358,0.6447426932198661,False,False,False,0.013126671314239502,0.009677840396761894,0.9868733286857605,-0.009677840396761894
8,0.3,aglr_antidiagonal_logsumexp,both_diagonals,logsumexp,0.2860576923076923,0.7139423076923077,0.9745269417762756,0.9993354082107544,0.9999999403953552,0.02547307126224041,0.02004118636250496,0.07689054310321808,0.998967170715332,0.9974510073661804,0.05094614624977112,0.5600250959396362,0.644775390625,False,False,False,0.012346386909484863,0.010363345965743065,0.05652725696563721,0.10066400095820427
8,0.3,aglr_antidiagonal_topk_mean,both_diagonals,topk_mean,0.2860576923076923,0.7139423076923077,0.9770533442497253,0.9993823170661926,0.9999999403953552,0.022946715354919434,0.017358561977744102,0.06858140230178833,0.9991045594215393,0.9979681372642517,0.045893434435129166,0.5001724362373352,0.644775390625,False,False,False,0.009819984436035156,0.007680721580982208,0.059053659439086914,0.10334662534296513
8,0.4,dense,none,none,0.0,1.0,1.0,1.0,1.0000001192092896,2.3158333029016376e-09,0.0,0.0,1.0,0.9999998807907104,0.0,0.0,0.49951171875,False,False,False,-0.02226555347442627,-0.016834503039717674,1.0,0.0
8,0.4,mean_pooled_score,none,none,0.4182692307692307,0.5817307692307693,0.8876054883003235,0.9948485493659973,0.9999576807022095,0.11239452660083771,0.16863076388835907,0.5412640571594238,0.9670812487602234,0.9744285345077515,0.20916403830051422,2.75683856010437,0.7117424011230469,False,False,False,0.09012895822525024,0.1517962608486414,0.8876054883003235,-0.16863076388835907
8,0.4,oracle_block_mass,none,none,0.38605769230769227,0.6139423076923077,0.9777344465255737,0.9989790916442871,0.9999996423721313,0.022265594452619553,0.016834503039717674,0.05794857442378998,0.9987725615501404,0.9989051818847656,0.044531192630529404,0.4632977545261383,0.6954830714634487,False,False,False,0.02226555347442627,0.016834503039717674,0.9777344465255737,-0.016834503039717674
8,0.4,aglr_antidiagonal_logsumexp,both_diagonals,logsumexp,0.38605769230769227,0.6139423076923077,0.9572783708572388,0.998612642288208,0.9999979734420776,0.04272162914276123,0.03826938942074776,0.11819252371788025,0.997155487537384,0.9946897029876709,0.08544325828552246,0.9593895077705383,0.695556640625,False,False,False,0.02045607566833496,0.021434886381030083,0.06967288255691528,0.1303613744676113
8,0.4,aglr_antidiagonal_topk_mean,both_diagonals,topk_mean,0.38605769230769227,0.6139423076923077,0.9608803987503052,0.9987277984619141,0.9999980926513672,0.039119597524404526,0.035983141511678696,0.11215463280677795,0.9973025918006897,0.9949224591255188,0.07823918759822845,0.8746493458747864,0.695556640625,False,False,False,0.016854047775268555,0.01914863847196102,0.07327491044998169,0.13264762237668037
8,0.5,dense,none,none,0.0,1.0,1.0,1.0,1.0000001192092896,2.3158333029016376e-09,0.0,0.0,1.0,0.9999998807907104,0.0,0.0,0.49951171875,False,False,False,-0.03847312927246094,-0.03478642553091049,1.0,0.0
8,0.5,mean_pooled_score,none,none,0.523076923076923,0.47692307692307695,0.8512277007102966,0.9847816824913025,0.9998835325241089,0.14877228438854218,0.20747649669647217,0.7227271795272827,0.9510251879692078,0.9564070105552673,0.26629456877708435,3.650752544403076,0.7648751395089286,False,False,False,0.11029917001724243,0.17269007116556168,0.8512277007102966,-0.20747649669647217
8,0.5,oracle_block_mass,none,none,0.49230769230769234,0.5076923076923077,0.9615268707275391,0.9980036020278931,0.9999901056289673,0.03847311809659004,0.03478642553091049,0.10215435922145844,0.9945092797279358,0.996577262878418,0.07694623619318008,0.8282891511917114,0.7493482317243303,False,True,True,0.03847312927246094,0.03478642553091049,0.9615268707275391,-0.03478642553091049
8,0.5,aglr_antidiagonal_logsumexp,both_diagonals,logsumexp,0.4918269230769231,0.5081730769230769,0.9396030306816101,0.9975823163986206,0.9999960660934448,0.06039697676897049,0.056032560765743256,0.16452628374099731,0.9951452016830444,0.9900206327438354,0.12079395353794098,1.3660364151000977,0.749267578125,False,True,False,0.021923840045928955,0.021246135234832764,0.08837532997131348,0.1514439359307289
8,0.5,aglr_antidiagonal_topk_mean,both_diagonals,topk_mean,0.4918269230769231,0.5081730769230769,0.940567672252655,0.997727632522583,0.9999960660934448,0.059432320296764374,0.05776511877775192,0.1657894104719162,0.9950042366981506,0.9896427392959595,0.11886464804410934,1.3496944904327393,0.749267578125,False,True,False,0.020959198474884033,0.02297869324684143,0.0893399715423584,0.14971137791872025
8,0.6,dense,none,none,0.0,1.0,1.0,1.0,1.0000001192092896,2.3158333029016376e-09,0.0,0.0,1.0,0.9999998807907104,0.0,0.0,0.49951171875,False,False,False,-0.05068749189376831,-0.04506945610046387,1.0,0.0
8,0.6,mean_pooled_score,none,none,0.6182692307692308,0.3817307692307692,0.8151201009750366,0.9388688206672668,0.999760091304779,0.18487991392612457,0.26520076394081116,0.8796365261077881,0.9448383450508118,0.9275442361831665,0.33850982785224915,4.533519744873047,0.8131986345563615,False,False,False,0.13419240713119507,0.2201313078403473,0.8151201009750366,-0.26520076394081116
8,0.6,oracle_block_mass,none,none,0.5875,0.4125,0.9493125081062317,0.9968430995941162,0.9999828338623047,0.05068741366267204,0.04506945610046387,0.1402648687362671,0.9927653074264526,0.9937140941619873,0.10137484222650528,1.0943281650543213,0.7976145063127791,True,True,False,0.05068749189376831,0.04506945610046387,0.9493125081062317,-0.04506945610046387
8,0.6,aglr_antidiagonal_logsumexp,both_diagonals,logsumexp,0.5870192307692308,0.4129807692307692,0.9220131039619446,0.9962393641471863,0.9999936819076538,0.07798699289560318,0.07462101429700851,0.21273842453956604,0.9925607442855835,0.9836073517799377,0.15597398579120636,1.7731637954711914,0.797607421875,True,True,False,0.02729940414428711,0.029551558196544647,0.10689300298690796,0.19057974964380264
8,0.6,aglr_antidiagonal_topk_mean,both_diagonals,topk_mean,0.5870192307692308,0.4129807692307692,0.9216353297233582,0.996343731880188,0.9999935626983643,0.07836464792490005,0.07899914681911469,0.22211946547031403,0.9922276139259338,0.9825069308280945,0.1567293107509613,1.7914408445358276,0.797607421875,True,True,False,0.027677178382873535,0.03392969071865082,0.10651522874832153,0.18620161712169647
12,0.3,dense,none,none,0.0,1.0,1.0,1.0,1.0000001192092896,3.467513609578532e-09,0.0,0.0,1.0,0.9999998807907104,0.0,0.0,0.49951171875,False,False,False,-0.022070467472076416,-0.023981748148798943,1.0,0.0
12,0.3,mean_pooled_score,none,none,0.31682692307692306,0.6831730769230769,0.8666261434555054,0.9588366746902466,0.9998073577880859,0.1333739310503006,0.2042524367570877,0.6453514695167542,0.9749316573143005,0.9796664118766785,0.2511228621006012,3.258897066116333,0.6600570678710938,False,False,False,0.11130338907241821,0.18027068860828876,0.8666261434555054,-0.2042524367570877
12,0.3,oracle_block_mass,none,none,0.2860576923076923,0.7139423076923077,0.9779295325279236,0.9927353858947754,0.9999626874923706,0.022070515900850296,0.023981748148798943,0.08002692461013794,0.9991632103919983,0.9978315830230713,0.04414103180170059,0.4381556808948517,0.6442195347377232,False,False,False,0.022070467472076416,0.023981748148798943,0.9779295325279236,-0.023981748148798943
12,0.3,aglr_antidiagonal_logsumexp,both_diagonals,logsumexp,0.2860576923076923,0.7139423076923077,0.9764060974121094,0.9921799898147583,0.999947726726532,0.023593921214342117,0.025360656902194023,0.08164678514003754,0.9990418553352356,0.9977141618728638,0.047187842428684235,0.470134437084198,0.644775390625,False,False,False,0.001523435115814209,0.0013789087533950806,0.109779953956604,0.17889177985489368
12,0.3,aglr_antidiagonal_topk_mean,both_diagonals,topk_mean,0.2860576923076923,0.7139423076923077,0.9755463600158691,0.9919947385787964,0.9999547004699707,0.02445370890200138,0.02632197178900242,0.08490738272666931,0.9989513754844666,0.9977486729621887,0.048907410353422165,0.48979562520980835,0.644775390625,False,False,False,0.0023831725120544434,0.002340223640203476,0.10892021656036377,0.1779304649680853
12,0.4,dense,none,none,0.0,1.0,1.0,1.0,1.0000001192092896,3.467513609578532e-09,0.0,0.0,1.0,0.9999998807907104,0.0,0.0,0.49951171875,False,False,False,-0.03811150789260864,-0.039143066853284836,1.0,0.0
12,0.4,mean_pooled_score,none,none,0.4182692307692307,0.5817307692307693,0.8157602548599243,0.8938575387001038,0.9995443820953369,0.1842397153377533,0.2865808308124542,0.8955829739570618,0.9692240357398987,0.9672965407371521,0.3528544306755066,4.48858118057251,0.711472647530692,False,False,False,0.14612823724746704,0.2474377639591694,0.8157602548599243,-0.2865808308124542
12,0.4,oracle_block_mass,none,none,0.38605769230769227,0.6139423076923077,0.9618884921073914,0.985506534576416,0.999880313873291,0.03811148926615715,0.039143066853284836,0.12377887219190598,0.9976552724838257,0.9948269128799438,0.0762229785323143,0.7707080841064453,0.6947228567940849,False,False,False,0.03811150789260864,0.039143066853284836,0.9618884921073914,-0.039143066853284836
12,0.4,aglr_antidiagonal_logsumexp,both_diagonals,logsumexp,0.38605769230769227,0.6139423076923077,0.9531806707382202,0.9841015338897705,0.9998394846916199,0.04681936651468277,0.052737217396497726,0.13138185441493988,0.9955534934997559,0.9942171573638916,0.09363873302936554,0.9808160662651062,0.695556640625,False,False,False,0.008707821369171143,0.01359415054321289,0.1374204158782959,0.2338436134159565
12,0.4,aglr_antidiagonal_topk_mean,both_diagonals,topk_mean,0.38605769230769227,0.6139423076923077,0.9522557854652405,0.9840234518051147,0.9998485445976257,0.047744184732437134,0.05407341197133064,0.13733255863189697,0.9954430460929871,0.9943467378616333,0.09548836946487427,1.0030219554901123,0.695556640625,False,False,False,0.009632706642150879,0.014930345118045807,0.13649553060531616,0.23250741884112358
12,0.5,dense,none,none,0.0,1.0,1.0,1.0,1.0000001192092896,3.467513609578532e-09,0.0,0.0,1.0,0.9999998807907104,0.0,0.0,0.49951171875,False,False,False,-0.06366866827011108,-0.0655205175280571,1.0,0.0
12,0.5,mean_pooled_score,none,none,0.523076923076923,0.47692307692307695,0.7590731382369995,0.8300389051437378,0.9988313317298889,0.24092675745487213,0.35680899024009705,1.0,0.9515633583068848,0.9476466774940491,0.45060354471206665,5.850329875946045,0.7645154680524553,False,False,False,0.1772581934928894,0.29128847271203995,0.7590731382369995,-0.35680899024009705
12,0.5,oracle_block_mass,none,none,0.49230769230769234,0.5076923076923077,0.9363313317298889,0.9716134071350098,0.9996775388717651,0.0636686310172081,0.0655205175280571,0.19136792421340942,0.992925226688385,0.9885604977607727,0.1273372620344162,1.3160250186920166,0.7483591352190291,False,True,False,0.06366866827011108,0.0655205175280571,0.9363313317298889,-0.0655205175280571
12,0.5,aglr_antidiagonal_logsumexp,both_diagonals,logsumexp,0.4918269230769231,0.5081730769230769,0.9255383610725403,0.9710909128189087,0.9996802806854248,0.07446161657571793,0.08214819431304932,0.1938689649105072,0.9922036528587341,0.9885553121566772,0.14892323315143585,1.5796812772750854,0.749267578125,False,True,False,0.010792970657348633,0.016627676784992218,0.16646522283554077,0.27466079592704773
12,0.5,aglr_antidiagonal_topk_mean,both_diagonals,topk_mean,0.4918269230769231,0.5081730769230769,0.9243822693824768,0.9707459211349487,0.99969482421875,0.07561775296926498,0.08374757319688797,0.20264297723770142,0.9920912981033325,0.9882284998893738,0.15123550593852997,1.6106101274490356,0.749267578125,False,True,False,0.01194906234741211,0.01822705566883087,0.1653091311454773,0.2730614170432091
12,0.6,dense,none,none,0.0,1.0,1.0,1.0,1.0000001192092896,3.467513609578532e-09,0.0,0.0,1.0,0.9999998807907104,0.0,0.0,0.49951171875,False,False,False,-0.08857113122940063,-0.08749190717935562,1.0,0.0
12,0.6,mean_pooled_score,none,none,0.6182692307692308,0.3817307692307692,0.7070689797401428,0.7627987265586853,0.9968488216400146,0.29293105006217957,0.42994433641433716,1.0410125255584717,0.9453591704368591,0.9229831099510193,0.5546121001243591,7.082701206207275,0.8127572195870536,False,False,False,0.20435988903045654,0.34245242923498154,0.7070689797401428,-0.42994433641433716
12,0.6,oracle_block_mass,none,none,0.5875,0.4125,0.9114288687705994,0.9546141624450684,0.9994242191314697,0.08857113122940063,0.08749190717935562,0.24899613857269287,0.9899553060531616,0.9804172515869141,0.17714226245880127,1.8442459106445312,0.7965845380510603,True,True,False,0.08857113122940063,0.08749190717935562,0.9114288687705994,-0.08749190717935562
12,0.6,aglr_antidiagonal_logsumexp,both_diagonals,logsumexp,0.5870192307692308,0.4129807692307692,0.8966878652572632,0.9534751176834106,0.9994493722915649,0.10331211239099503,0.11194164305925369,0.2646489143371582,0.9888280034065247,0.9796774387359619,0.20662422478199005,2.2081995010375977,0.797607421875,False,False,False,0.014741003513336182,0.02444973587989807,0.18961888551712036,0.31800269335508347
12,0.6,aglr_antidiagonal_topk_mean,both_diagonals,topk_mean,0.5870192307692308,0.4129807692307692,0.8929118514060974,0.9522114396095276,0.9994776844978333,0.10708820074796677,0.11817119270563126,0.28945910930633545,0.9886816143989563,0.9793161153793335,0.21417638659477234,2.307706594467163,0.797607421875,False,False,False,0.018517017364501953,0.030679285526275635,0.1858428716659546,0.3117731437087059
13,0.3,dense,none,none,0.0,1.0,1.0,1.0,1.0000001192092896,-4.4487283301641867e-10,0.0,0.0,1.0,0.9999998807907104,0.0,0.0,0.49951171875,False,False,False,-0.01051419973373413,-0.014429704286158085,1.0,0.0
13,0.3,mean_pooled_score,none,none,0.31682692307692306,0.6831730769230769,0.8866654634475708,0.9776487946510315,0.999543309211731,0.11333446204662323,0.23743334412574768,0.5292717218399048,0.9635947346687317,0.9801151752471924,0.21104392409324646,2.8429105281829834,0.6599753243582589,False,False,False,0.10282033681869507,0.2230036398395896,0.8866654634475708,-0.23743334412574768
13,0.3,oracle_block_mass,none,none,0.2860576923076923,0.7139423076923077,0.9894858002662659,0.9967221021652222,0.9998928308486938,0.010514122433960438,0.014429704286158085,0.035052936524152756,0.9993135333061218,0.9994528293609619,0.021028252318501472,0.20861884951591492,0.6442440577915737,False,False,False,0.01051419973373413,0.014429704286158085,0.9894858002662659,-0.014429704286158085
13,0.3,aglr_antidiagonal_logsumexp,both_diagonals,logsumexp,0.2860576923076923,0.7139423076923077,0.9867053627967834,0.9959234595298767,0.9998821020126343,0.013294590637087822,0.01814368925988674,0.04489315301179886,0.9989388585090637,0.9991199970245361,0.02658918686211109,0.2695818245410919,0.644775390625,False,False,False,0.002780437469482422,0.0037139849737286568,0.10003989934921265,0.21928965486586094
13,0.3,aglr_antidiagonal_topk_mean,both_diagonals,topk_mean,0.2860576923076923,0.7139423076923077,0.9849123358726501,0.9957990050315857,0.9998811483383179,0.015087569132447243,0.02142149582505226,0.04848625883460045,0.9988498687744141,0.9990627765655518,0.030175143852829933,0.3146492540836334,0.644775390625,False,False,False,0.004573464393615723,0.0069917915388941765,0.09824687242507935,0.21601184830069542
13,0.4,dense,none,none,0.0,1.0,1.0,1.0,1.0000001192092896,-4.4487283301641867e-10,0.0,0.0,1.0,0.9999998807907104,0.0,0.0,0.49951171875,False,False,False,-0.01984959840774536,-0.02586519531905651,1.0,0.0
13,0.4,mean_pooled_score,none,none,0.4182692307692307,0.5817307692307693,0.8436427116394043,0.947314441204071,0.998740553855896,0.1563572883605957,0.3293326199054718,0.8249644637107849,0.9531579613685608,0.9527990221977234,0.2970895767211914,3.9042913913726807,0.7111620221819197,False,False,False,0.13650768995285034,0.3034674245864153,0.8436427116394043,-0.3293326199054718
13,0.4,oracle_block_mass,none,none,0.38605769230769227,0.6139423076923077,0.9801504015922546,0.9926425218582153,0.9996584057807922,0.01984959840774536,0.02586519531905651,0.06166119500994682,0.9979578256607056,0.9982714653015137,0.03969919681549072,0.40169984102249146,0.6944204057965959,False,False,False,0.01984959840774536,0.02586519531905651,0.9801504015922546,-0.02586519531905651
13,0.4,aglr_antidiagonal_logsumexp,both_diagonals,logsumexp,0.38605769230769227,0.6139423076923077,0.966254711151123,0.990679144859314,0.9996152520179749,0.033745311200618744,0.06428997218608856,0.08512578904628754,0.9912501573562622,0.9969719648361206,0.06749062985181808,0.749410092830658,0.695556640625,False,False,False,0.013895690441131592,0.03842477686703205,0.12261199951171875,0.26504264771938324
13,0.4,aglr_antidiagonal_topk_mean,both_diagonals,topk_mean,0.38605769230769227,0.6139423076923077,0.9621426463127136,0.9901372194290161,0.9996240735054016,0.037857264280319214,0.0710531622171402,0.09892415255308151,0.9911104440689087,0.99665367603302,0.07571453601121902,0.8533878922462463,0.695556640625,False,False,False,0.018007755279541016,0.04518796689808369,0.11849993467330933,0.2582794576883316
13,0.5,dense,none,none,0.0,1.0,1.0,1.0,1.0000001192092896,-4.4487283301641867e-10,0.0,0.0,1.0,0.9999998807907104,0.0,0.0,0.49951171875,False,False,False,-0.03640025854110718,-0.046932779252529144,1.0,0.0
13,0.5,mean_pooled_score,none,none,0.523076923076923,0.47692307692307695,0.7898527979850769,0.9003200531005859,0.9963556528091431,0.2101471871137619,0.3918035626411438,1.0,0.9313153624534607,0.8999495506286621,0.3890443742275238,5.233779430389404,0.7640086582728794,False,False,False,0.17374694347381592,0.34487078338861465,0.7898527979850769,-0.3918035626411438
13,0.5,oracle_block_mass,none,none,0.49230769230769234,0.5076923076923077,0.9635997414588928,0.9847559332847595,0.9990537166595459,0.03640024736523628,0.046932779252529144,0.11298099160194397,0.9940587282180786,0.9944964051246643,0.07280049473047256,0.7555659413337708,0.7475498744419643,False,True,True,0.03640025854110718,0.046932779252529144,0.9635997414588928,-0.046932779252529144
13,0.5,aglr_antidiagonal_logsumexp,both_diagonals,logsumexp,0.4918269230769231,0.5081730769230769,0.9400891065597534,0.9811059236526489,0.9990688562393188,0.05991083383560181,0.10749898850917816,0.15227127075195312,0.9839309453964233,0.9908843040466309,0.11982166767120361,1.3486241102218628,0.749267578125,False,True,False,0.023510634899139404,0.06056620925664902,0.1502363085746765,0.28430457413196564
13,0.5,aglr_antidiagonal_topk_mean,both_diagonals,topk_mean,0.4918269230769231,0.5081730769230769,0.9314032793045044,0.9794116020202637,0.9990670680999756,0.06859671324491501,0.12181629240512848,0.19709976017475128,0.9835497140884399,0.9902544021606445,0.13719342648983002,1.5707991123199463,0.749267578125,False,True,False,0.03219646215438843,0.07488351315259933,0.1415504813194275,0.2699872702360153
13,0.6,dense,none,none,0.0,1.0,1.0,1.0,1.0000001192092896,-4.4487283301641867e-10,0.0,0.0,1.0,0.9999998807907104,0.0,0.0,0.49951171875,False,False,False,-0.05446624755859375,-0.06466792523860931,1.0,0.0
13,0.6,mean_pooled_score,none,none,0.6182692307692308,0.3817307692307692,0.7472936511039734,0.8414369821548462,0.989971399307251,0.2527063190937042,0.45175665616989136,1.013484001159668,0.9258691668510437,0.8631960153579712,0.47416263818740845,6.24613094329834,0.8119152614048549,False,False,False,0.19824010133743286,0.38708873093128204,0.7472936511039734,-0.45175665616989136
13,0.6,oracle_block_mass,none,none,0.5875,0.4125,0.9455337524414062,0.9739161133766174,0.9981271028518677,0.05446626618504524,0.06466792523860931,0.1633923351764679,0.9909453988075256,0.9884846806526184,0.10893253237009048,1.138586401939392,0.7951867239815849,True,True,False,0.05446624755859375,0.06466792523860931,0.9455337524414062,-0.06466792523860931
13,0.6,aglr_antidiagonal_logsumexp,both_diagonals,logsumexp,0.5870192307692308,0.4129807692307692,0.9084228873252869,0.9661128520965576,0.9981613159179688,0.09157706797122955,0.15432466566562653,0.23415419459342957,0.9757221341133118,0.9800925254821777,0.1831541806459427,2.074812412261963,0.797607421875,True,True,False,0.037110865116119385,0.08965674042701721,0.16112923622131348,0.29743199050426483
13,0.6,aglr_antidiagonal_topk_mean,both_diagonals,topk_mean,0.5870192307692308,0.4129807692307692,0.8916414380073547,0.9620769023895264,0.998145341873169,0.10835858434438705,0.18877997994422913,0.3583528995513916,0.9749102592468262,0.9777170419692993,0.2167171686887741,2.5129473209381104,0.797607421875,False,False,False,0.053892314434051514,0.12411205470561981,0.14434778690338135,0.26297667622566223
16,0.3,dense,none,none,0.0,1.0,1.0,1.0,1.000000238418579,-2.1042069420218468e-08,0.0,0.0,1.0,0.9999998807907104,0.0,0.0,0.49951171875,False,False,False,-0.00223696231842041,-0.009753694757819176,1.0,0.0
16,0.3,mean_pooled_score,none,none,0.31682692307692306,0.6831730769230769,0.9016266465187073,0.9995536804199219,0.9999982118606567,0.09837331622838974,0.7117188572883606,0.8796756863594055,0.9486874938011169,0.9685351252555847,0.18112167716026306,2.6261146068573,0.6601878574916294,False,False,False,0.09613639116287231,0.7019651625305414,0.9016266465187073,-0.7117188572883606
16,0.3,oracle_block_mass,none,none,0.2860576923076923,0.7139423076923077,0.9977630376815796,0.9999117851257324,0.9999998807907104,0.002236881759017706,0.009753694757819176,0.02074839361011982,0.9993535280227661,0.9998157024383545,0.0044737993739545345,0.043648283928632736,0.6444320678710938,False,False,False,0.00223696231842041,0.009753694757819176,0.9977630376815796,-0.009753694757819176
16,0.3,aglr_antidiagonal_logsumexp,both_diagonals,logsumexp,0.2860576923076923,0.7139423076923077,0.9969273805618286,0.999877393245697,0.9999998807907104,0.003072648774832487,0.013787071220576763,0.02706035040318966,0.9984679818153381,0.9996851682662964,0.006145335268229246,0.061952102929353714,0.644775390625,False,False,False,0.0008356571197509766,0.004033376462757587,0.09530073404312134,0.6979317860677838
16,0.3,aglr_antidiagonal_topk_mean,both_diagonals,topk_mean,0.2860576923076923,0.7139423076923077,0.9969425797462463,0.9998797178268433,0.9999998807907104,0.0030574772972613573,0.013750150799751282,0.02606302499771118,0.998458981513977,0.9997072219848633,0.0061149923130869865,0.06181049719452858,0.644775390625,False,False,False,0.000820457935333252,0.003996456041932106,0.09531593322753906,0.6979687064886093
16,0.4,dense,none,none,0.0,1.0,1.0,1.0,1.000000238418579,-2.1042069420218468e-08,0.0,0.0,1.0,0.9999998807907104,0.0,0.0,0.49951171875,False,False,False,-0.004494011402130127,-0.018211308866739273,1.0,0.0
16,0.4,mean_pooled_score,none,none,0.4182692307692307,0.5817307692307693,0.8571652173995972,0.9987164735794067,0.9999911785125732,0.14283475279808044,1.1630271673202515,2.1424665451049805,0.9250892996788025,0.8761614561080933,0.2700445055961609,3.8103888034820557,0.7115216936383928,False,False,False,0.1383407711982727,1.1448158584535122,0.8571652173995972,-1.1630271673202515
16,0.4,oracle_block_mass,none,none,0.38605769230769227,0.6139423076923077,0.9955059885978699,0.9997153878211975,0.9999990463256836,0.004493921995162964,0.018211308866739273,0.04184148460626602,0.9980711340904236,0.9992585182189941,0.00898787658661604,0.08943966776132584,0.6948699951171875,False,False,False,0.004494011402130127,0.018211308866739273,0.9955059885978699,-0.018211308866739273
16,0.4,aglr_antidiagonal_logsumexp,both_diagonals,logsumexp,0.38605769230769227,0.6139423076923077,0.9807547330856323,0.9996062517166138,0.9999987483024597,0.019245343282818794,0.1967923492193222,0.0613027885556221,0.9866296052932739,0.998432457447052,0.038490716367959976,0.4856110215187073,0.695556640625,False,False,False,0.014751255512237549,0.17858104035258293,0.12358951568603516,0.9662348181009293
16,0.4,aglr_antidiagonal_topk_mean,both_diagonals,topk_mean,0.38605769230769227,0.6139423076923077,0.9804466962814331,0.9995852708816528,0.9999988079071045,0.01955336332321167,0.19720016419887543,0.05981854721903801,0.9865443110466003,0.9985486268997192,0.039106763899326324,0.4939609467983246,0.695556640625,False,False,False,0.015059292316436768,0.17898885533213615,0.12328147888183594,0.965827003121376
16,0.5,dense,none,none,0.0,1.0,1.0,1.0,1.000000238418579,-2.1042069420218468e-08,0.0,0.0,1.0,0.9999998807907104,0.0,0.0,0.49951171875,False,False,False,-0.008854091167449951,-0.03458811715245247,1.0,0.0
16,0.5,mean_pooled_score,none,none,0.523076923076923,0.47692307692307695,0.8017944693565369,0.9963740110397339,0.9999666213989258,0.19820544123649597,1.5116852521896362,4.3027544021606445,0.8944911360740662,0.5302945375442505,0.3651609420776367,5.282430171966553,0.7643519810267857,False,False,False,0.18935143947601318,1.4770971350371838,0.8017944693565369,-1.5116852521896362
16,0.5,oracle_block_mass,none,none,0.49230769230769234,0.5076923076923077,0.99114590883255,0.9991884231567383,0.9999914169311523,0.008854108862578869,0.03458811715245247,0.08756016194820404,0.9936332702636719,0.9968158006668091,0.017708251252770424,0.18210025131702423,0.7480403355189732,False,True,True,0.008854091167449951,0.03458811715245247,0.99114590883255,-0.03458811715245247
16,0.5,aglr_antidiagonal_logsumexp,both_diagonals,logsumexp,0.4918269230769231,0.5081730769230769,0.9626873135566711,0.9989084005355835,0.9999920725822449,0.03731268644332886,0.37994369864463806,0.12050801515579224,0.9748703241348267,0.9944647550582886,0.0746254101395607,0.9507669806480408,0.749267578125,False,False,False,0.028458595275878906,0.3453555814921856,0.16089284420013428,1.1317415535449982
16,0.5,aglr_antidiagonal_topk_mean,both_diagonals,topk_mean,0.4918269230769231,0.5081730769230769,0.9588988423347473,0.9987625479698181,0.9999906420707703,0.04110115021467209,0.3891015350818634,0.1344185173511505,0.9740404486656189,0.9942784309387207,0.08220232278108597,1.0499557256698608,0.749267578125,False,False,False,0.032247066497802734,0.35451341792941093,0.15710437297821045,1.1225837171077728
16,0.6,dense,none,none,0.0,1.0,1.0,1.0,1.000000238418579,-2.1042069420218468e-08,0.0,0.0,1.0,0.9999998807907104,0.0,0.0,0.49951171875,False,False,False,-0.0127829909324646,-0.04527606815099716,1.0,0.0
16,0.6,mean_pooled_score,none,none,0.6182692307692308,0.3817307692307692,0.7560508847236633,0.9906293749809265,0.9999080896377563,0.24394908547401428,1.9644695520401,7.302935600280762,0.8746089339256287,0.36178311705589294,0.4566482901573181,6.490960121154785,0.8122585841587612,False,False,False,0.23116612434387207,1.919193483889103,0.7560508847236633,-1.9644695520401
16,0.6,oracle_block_mass,none,none,0.5875,0.4125,0.9872170090675354,0.9983464479446411,0.9999701976776123,0.012783003970980644,0.04527606815099716,0.12540924549102783,0.9911986589431763,0.9936847686767578,0.025566041469573975,0.26341861486434937,0.7955055236816406,True,True,True,0.0127829909324646,0.04527606815099716,0.9872170090675354,-0.04527606815099716
16,0.6,aglr_antidiagonal_logsumexp,both_diagonals,logsumexp,0.5870192307692308,0.4129807692307692,0.9433818459510803,0.9974837303161621,0.9999694228172302,0.056618113070726395,0.553331732749939,0.2129230499267578,0.9643720984458923,0.9851577877998352,0.11323624849319458,1.4453924894332886,0.797607421875,False,False,False,0.04383516311645508,0.5080556645989418,0.187330961227417,1.4111378192901611
16,0.6,aglr_antidiagonal_topk_mean,both_diagonals,topk_mean,0.5870192307692308,0.4129807692307692,0.9356492161750793,0.997177004814148,0.9999679327011108,0.06435088068246841,0.5730103850364685,0.27067679166793823,0.962938129901886,0.9848926067352295,0.12870179116725922,1.649671196937561,0.797607421875,False,False,False,0.051567792892456055,0.5277343168854713,0.17959833145141602,1.3914591670036316
20,0.3,dense,none,none,0.0,1.0,1.0,1.0,1.0000001192092896,1.2930415627110392e-09,0.0,0.0,1.0,0.9999998807907104,0.0,0.0,0.49951171875,False,False,False,-0.02444279193878174,-0.0252902340143919,1.0,0.0
20,0.3,mean_pooled_score,none,none,0.31682692307692306,0.6831730769230769,0.9083264470100403,0.9716981649398804,0.9951987862586975,0.09167354553937912,0.10782003402709961,0.18247459828853607,0.9757188558578491,0.9880193471908569,0.16772209107875824,2.1935627460479736,0.6602287292480469,False,False,False,0.06723076105117798,0.08252980001270771,0.9083264470100403,-0.10782003402709961
20,0.3,oracle_block_mass,none,none,0.2860576923076923,0.7139423076923077,0.9755572080612183,0.9828453063964844,0.9978851675987244,0.024442898109555244,0.0252902340143919,0.06272754818201065,0.9992667436599731,0.9982162117958069,0.04888579621911049,0.483049601316452,0.6445383344377791,False,False,False,0.02444279193878174,0.0252902340143919,0.9755572080612183,-0.0252902340143919
20,0.3,aglr_antidiagonal_logsumexp,both_diagonals,logsumexp,0.2860576923076923,0.7139423076923077,0.9721450209617615,0.9806433916091919,0.9975122213363647,0.02785496786236763,0.028298405930399895,0.068511962890625,0.9990901947021484,0.9978730082511902,0.05570993945002556,0.5589295625686646,0.644775390625,False,False,False,0.003412187099456787,0.0030081719160079956,0.06381857395172119,0.07952162809669971
20,0.3,aglr_antidiagonal_topk_mean,both_diagonals,topk_mean,0.2860576923076923,0.7139423076923077,0.9707207083702087,0.9803962707519531,0.9975789785385132,0.029279207810759544,0.029141779989004135,0.07138107717037201,0.9990025758743286,0.9976534843444824,0.058558423072099686,0.5937654376029968,0.644775390625,False,False,False,0.0048364996910095215,0.003851545974612236,0.06239426136016846,0.07867825403809547
20,0.4,dense,none,none,0.0,1.0,1.0,1.0,1.0000001192092896,1.2930415627110392e-09,0.0,0.0,1.0,0.9999998807907104,0.0,0.0,0.49951171875,False,False,False,-0.04149085283279419,-0.04087648168206215,1.0,0.0
20,0.4,mean_pooled_score,none,none,0.4182692307692307,0.5817307692307693,0.8545211553573608,0.9517844915390015,0.9912984371185303,0.14547888934612274,0.1876024454832077,0.3845711946487427,0.9656085968017578,0.9613631963729858,0.2753327786922455,3.5090408325195312,0.7116933550153459,False,False,False,0.10398799180984497,0.14672596380114555,0.8545211553573608,-0.1876024454832077
20,0.4,oracle_block_mass,none,none,0.38605769230769227,0.6139423076923077,0.9585091471672058,0.9697582721710205,0.9952600002288818,0.041490811854600906,0.04087648168206215,0.09801656752824783,0.998128354549408,0.9956597089767456,0.08298162370920181,0.8349940180778503,0.6948781694684709,False,False,False,0.04149085283279419,0.04087648168206215,0.9585091471672058,-0.04087648168206215
20,0.4,aglr_antidiagonal_logsumexp,both_diagonals,logsumexp,0.38605769230769227,0.6139423076923077,0.9408403038978577,0.9657748341560364,0.9943592548370361,0.05915967747569084,0.06657783687114716,0.11225707828998566,0.9945410490036011,0.9942812919616699,0.11831935495138168,1.2837382555007935,0.695556640625,False,False,False,0.017668843269348145,0.025701355189085007,0.08631914854049683,0.12102460861206055
20,0.4,aglr_antidiagonal_topk_mean,both_diagonals,topk_mean,0.38605769230769227,0.6139423076923077,0.9401240348815918,0.9654145836830139,0.9945930242538452,0.05987604707479477,0.06701424717903137,0.11670409142971039,0.9945226311683655,0.9938303828239441,0.11975209414958954,1.300819993019104,0.695556640625,False,False,False,0.018385112285614014,0.026137765496969223,0.08560287952423096,0.12058819830417633
20,0.5,dense,none,none,0.0,1.0,1.0,1.0,1.0000001192092896,1.2930415627110392e-09,0.0,0.0,1.0,0.9999998807907104,0.0,0.0,0.49951171875,False,False,False,-0.06745421886444092,-0.0642104297876358,1.0,0.0
20,0.5,mean_pooled_score,none,none,0.523076923076923,0.47692307692307695,0.7807583212852478,0.9170635938644409,0.9843997359275818,0.2192416489124298,0.2740214467048645,0.7040296792984009,0.9400234222412109,0.901160717010498,0.4072332978248596,5.331929683685303,0.7646135602678572,False,False,False,0.15178745985031128,0.2098110169172287,0.7807583212852478,-0.2740214467048645
20,0.5,oracle_block_mass,none,none,0.49230769230769234,0.5076923076923077,0.9325457811355591,0.9504165649414062,0.9901831150054932,0.06745418906211853,0.0642104297876358,0.1482810080051422,0.9953258633613586,0.9900981187820435,0.13490837812423706,1.3844573497772217,0.748138427734375,False,True,False,0.06745421886444092,0.0642104297876358,0.9325457811355591,-0.0642104297876358
20,0.5,aglr_antidiagonal_logsumexp,both_diagonals,logsumexp,0.4918269230769231,0.5081730769230769,0.9032726287841797,0.9442570209503174,0.9897832274436951,0.09672743082046509,0.10944163054227829,0.18282046914100647,0.9896283149719238,0.9856482744216919,0.19345486164093018,2.1381595134735107,0.749267578125,False,True,False,0.029273152351379395,0.04523120075464249,0.12251430749893188,0.1645798161625862
20,0.5,aglr_antidiagonal_topk_mean,both_diagonals,topk_mean,0.4918269230769231,0.5081730769230769,0.9023813605308533,0.9437413811683655,0.990118145942688,0.09761873632669449,0.10975921154022217,0.1839045286178589,0.9894730448722839,0.9852527379989624,0.19523747265338898,2.16050124168396,0.749267578125,False,True,False,0.03016442060470581,0.045548781752586365,0.12162303924560547,0.16426223516464233
20,0.6,dense,none,none,0.0,1.0,1.0,1.0,1.0000001192092896,1.2930415627110392e-09,0.0,0.0,1.0,0.9999998807907104,0.0,0.0,0.49951171875,False,False,False,-0.09331780672073364,-0.08667147904634476,1.0,0.0
20,0.6,mean_pooled_score,none,none,0.6182692307692308,0.3817307692307692,0.7154549360275269,0.8660478591918945,0.9748460650444031,0.28454509377479553,0.35368719696998596,0.9333406090736389,0.92685467004776,0.8503026962280273,0.5378401875495911,6.921321392059326,0.8127899169921875,False,False,False,0.1912272572517395,0.2670157179236412,0.7154549360275269,-0.35368719696998596
20,0.6,oracle_block_mass,none,none,0.5875,0.4125,0.9066821932792664,0.9286640882492065,0.9848951697349548,0.09331776201725006,0.08667147904634476,0.1990467607975006,0.99238121509552,0.9820847511291504,0.18663550913333893,1.9282318353652954,0.7959632873535156,True,True,False,0.09331780672073364,0.08667147904634476,0.9066821932792664,-0.08667147904634476
20,0.6,aglr_antidiagonal_logsumexp,both_diagonals,logsumexp,0.5870192307692308,0.4129807692307692,0.8637986779212952,0.9173842072486877,0.9836229085922241,0.13620136678218842,0.15377064049243927,0.26418548822402954,0.9836905598640442,0.9709265828132629,0.27240273356437683,3.039243459701538,0.797607421875,False,False,False,0.04288351535797119,0.06709916144609451,0.1483437418937683,0.1999165564775467
20,0.6,aglr_antidiagonal_topk_mean,both_diagonals,topk_mean,0.5870192307692308,0.4129807692307692,0.8629812002182007,0.9172823429107666,0.9838813543319702,0.1370188444852829,0.15657970309257507,0.2653828561306,0.9831323623657227,0.9700964689254761,0.2740376889705658,3.059898853302002,0.797607421875,False,False,False,0.043700993061065674,0.06990822404623032,0.14752626419067383,0.1971074938774109
22,0.3,dense,none,none,0.0,1.0,1.0,1.0,1.0000001192092896,3.937332682113492e-09,0.0,0.0,1.0,0.9999998807907104,0.0,0.0,0.49951171875,False,False,False,-0.06861072778701782,-0.08676508814096451,1.0,0.0
22,0.3,mean_pooled_score,none,none,0.31682692307692306,0.6831730769230769,0.8546438217163086,0.9074678421020508,0.9613053798675537,0.1453562080860138,0.20178958773612976,0.4813581705093384,0.9488945007324219,0.9274855852127075,0.27508744597435,3.3115456104278564,0.6600325448172433,False,False,False,0.07674545049667358,0.11502449959516525,0.8546438217163086,-0.20178958773612976
22,0.3,oracle_block_mass,none,none,0.2860576923076923,0.7139423076923077,0.9313892722129822,0.9377774000167847,0.9780508279800415,0.06861067563295364,0.08676508814096451,0.16469387710094452,0.995137631893158,0.9897578954696655,0.1372213512659073,1.4364643096923828,0.6436963762555803,False,False,False,0.06861072778701782,0.08676508814096451,0.9313892722129822,-0.08676508814096451
22,0.3,aglr_antidiagonal_logsumexp,both_diagonals,logsumexp,0.2860576923076923,0.7139423076923077,0.91010981798172,0.9259631633758545,0.974444568157196,0.08989014476537704,0.12429029494524002,0.241811141371727,0.9847803115844727,0.9787779450416565,0.17978031933307648,1.9348351955413818,0.644775390625,False,False,False,0.021279454231262207,0.03752520680427551,0.05546599626541138,0.07749929279088974
22,0.3,aglr_antidiagonal_topk_mean,both_diagonals,topk_mean,0.2860576923076923,0.7139423076923077,0.9102403521537781,0.9254510402679443,0.9740919470787048,0.0897597074508667,0.12113821506500244,0.23814910650253296,0.9873061776161194,0.9796372652053833,0.1795194149017334,1.9357887506484985,0.644775390625,False,False,False,0.0211489200592041,0.03437312692403793,0.05559653043746948,0.08065137267112732
22,0.4,dense,none,none,0.0,1.0,1.0,1.0,1.0000001192092896,3.937332682113492e-09,0.0,0.0,1.0,0.9999998807907104,0.0,0.0,0.49951171875,False,False,False,-0.1111903190612793,-0.1367153376340866,1.0,0.0
22,0.4,mean_pooled_score,none,none,0.4182692307692307,0.5817307692307693,0.7998583912849426,0.8584144115447998,0.9339601397514343,0.20014159381389618,0.27808329463005066,0.7000707983970642,0.9314659237861633,0.8541945219039917,0.38465818762779236,4.532393455505371,0.7111293247767857,False,False,False,0.08895128965377808,0.14136795699596405,0.7998583912849426,-0.27808329463005066
22,0.4,oracle_block_mass,none,none,0.38605769230769227,0.6139423076923077,0.8888096809387207,0.8989721536636353,0.9553240537643433,0.11119034141302109,0.1367153376340866,0.25444018840789795,0.9893125295639038,0.9772604703903198,0.22238071262836456,2.356384515762329,0.6935702732631138,False,False,False,0.1111903190612793,0.1367153376340866,0.8888096809387207,-0.1367153376340866
22,0.4,aglr_antidiagonal_logsumexp,both_diagonals,logsumexp,0.38605769230769227,0.6139423076923077,0.853220522403717,0.8770396709442139,0.9477797150611877,0.14677946269512177,0.1996454894542694,0.3992312252521515,0.9656515717506409,0.9453177452087402,0.29355892539024353,3.200010299682617,0.695556640625,False,False,False,0.03558915853500366,0.0629301518201828,0.053362131118774414,0.07843780517578125
22,0.4,aglr_antidiagonal_topk_mean,both_diagonals,topk_mean,0.38605769230769227,0.6139423076923077,0.852996289730072,0.8768923282623291,0.94792640209198,0.1470036506652832,0.19990196824073792,0.39878004789352417,0.9662410020828247,0.9468834400177002,0.294007271528244,3.2100300788879395,0.695556640625,False,False,False,0.03581339120864868,0.0631866306066513,0.053137898445129395,0.07818132638931274
22,0.5,dense,none,none,0.0,1.0,1.0,1.0,1.0000001192092896,3.937332682113492e-09,0.0,0.0,1.0,0.9999998807907104,0.0,0.0,0.49951171875,False,False,False,-0.1736840009689331,-0.21246445178985596,1.0,0.0
22,0.5,mean_pooled_score,none,none,0.523076923076923,0.47692307692307695,0.7242070436477661,0.7887605428695679,0.8893210887908936,0.2757928967475891,0.3750905990600586,0.9573482871055603,0.901534914970398,0.7350139617919922,0.5203357934951782,6.245415210723877,0.7637716020856584,False,False,False,0.10210895538330078,0.16262614727020264,0.7242070436477661,-0.3750905990600586
22,0.5,oracle_block_mass,none,none,0.49230769230769234,0.5076923076923077,0.8263159990310669,0.8423553109169006,0.9178299903869629,0.17368395626544952,0.21246445178985596,0.38247188925743103,0.9783042669296265,0.9528700113296509,0.34736791253089905,3.7330570220947266,0.7464790344238281,False,False,False,0.1736840009689331,0.21246445178985596,0.8263159990310669,-0.21246445178985596
22,0.5,aglr_antidiagonal_logsumexp,both_diagonals,logsumexp,0.4918269230769231,0.5081730769230769,0.7797018885612488,0.8099026679992676,0.9067884087562561,0.22029809653759003,0.2892933785915375,0.6039766073226929,0.9446544647216797,0.8786700367927551,0.44059619307518005,4.834933757781982,0.749267578125,False,False,False,0.046614110469818115,0.07682892680168152,0.055494844913482666,0.08579722046852112
22,0.5,aglr_antidiagonal_topk_mean,both_diagonals,topk_mean,0.4918269230769231,0.5081730769230769,0.7810248732566833,0.8116476535797119,0.9078798890113831,0.21897515654563904,0.2897678315639496,0.6099799871444702,0.9449876546859741,0.878103494644165,0.4379502832889557,4.810844898223877,0.749267578125,False,False,False,0.045291125774383545,0.07730337977409363,0.056817829608917236,0.08532276749610901
22,0.6,dense,none,none,0.0,1.0,1.0,1.0,1.0000001192092896,3.937332682113492e-09,0.0,0.0,1.0,0.9999998807907104,0.0,0.0,0.49951171875,False,False,False,-0.23474377393722534,-0.2867603003978729,1.0,0.0
22,0.6,mean_pooled_score,none,none,0.6182692307692308,0.3817307692307692,0.6532896161079407,0.7114830017089844,0.837022602558136,0.3467105031013489,0.48387643694877625,1.0,0.8789545893669128,0.6456276178359985,0.6621708869934082,7.823010444641113,0.8117599487304688,False,False,False,0.11196660995483398,0.19711613655090332,0.6532896161079407,-0.48387643694877625
22,0.6,oracle_block_mass,none,none,0.5875,0.4125,0.7652562260627747,0.7792192697525024,0.8763231039047241,0.23474375903606415,0.2867603003978729,0.4961381256580353,0.966445803642273,0.9257068634033203,0.4694875180721283,5.066193580627441,0.7939605712890625,False,False,False,0.23474377393722534,0.2867603003978729,0.7652562260627747,-0.2867603003978729
22,0.6,aglr_antidiagonal_logsumexp,both_diagonals,logsumexp,0.5870192307692308,0.4129807692307692,0.7040536999702454,0.7288417816162109,0.856250524520874,0.29594630002975464,0.38242244720458984,0.7612507343292236,0.9250521063804626,0.8127695918083191,0.591892659664154,6.51528787612915,0.797607421875,False,False,False,0.0612025260925293,0.09566214680671692,0.05076408386230469,0.1014539897441864
22,0.6,aglr_antidiagonal_topk_mean,both_diagonals,topk_mean,0.5870192307692308,0.4129807692307692,0.7058109641075134,0.7308470010757446,0.8578065633773804,0.2941890358924866,0.38390684127807617,0.7718610763549805,0.9242969155311584,0.807187557220459,0.5883780717849731,6.482615947723389,0.797607421875,False,False,False,0.05944526195526123,0.09714654088020325,0.052521347999572754,0.09996959567070007
23,0.3,dense,none,none,0.0,1.0,1.0,1.0,1.0000001192092896,3.0683753315940976e-09,0.0,0.0,1.0,0.9999998807907104,0.0,0.0,0.49951171875,False,False,False,-0.0537261962890625,-0.05470483750104904,1.0,0.0
23,0.3,mean_pooled_score,none,none,0.31682692307692306,0.6831730769230769,0.8808416724205017,0.9248408079147339,0.996168315410614,0.11915839463472366,0.12408284842967987,0.25471049547195435,0.972028374671936,0.9770703315734863,0.22269177436828613,2.697504758834839,0.6600734165736607,False,False,False,0.06543213129043579,0.06937801092863083,0.8808416724205017,-0.12408284842967987
23,0.3,oracle_block_mass,none,none,0.2860576923076923,0.7139423076923077,0.9462738037109375,0.9526209235191345,0.9999938011169434,0.053726185113191605,0.05470483750104904,0.10862530767917633,0.997749388217926,0.9952500462532043,0.10745235532522202,1.1046665906906128,0.6437617710658482,False,False,False,0.0537261962890625,0.05470483750104904,0.9462738037109375,-0.05470483750104904
23,0.3,aglr_antidiagonal_logsumexp,both_diagonals,logsumexp,0.2860576923076923,0.7139423076923077,0.9270983934402466,0.9410156011581421,0.999984860420227,0.07290162891149521,0.07740045338869095,0.1534532904624939,0.9930362105369568,0.9909319877624512,0.14580325782299042,1.5475343465805054,0.644775390625,False,False,False,0.019175410270690918,0.022695615887641907,0.04625672101974487,0.04668239504098892
23,0.3,aglr_antidiagonal_topk_mean,both_diagonals,topk_mean,0.2860576923076923,0.7139423076923077,0.9281536936759949,0.9410752058029175,0.9999855756759644,0.07184630632400513,0.073577381670475,0.14852115511894226,0.9950488209724426,0.9914029836654663,0.14369261264801025,1.5268372297286987,0.644775390625,False,False,False,0.018120110034942627,0.018872544169425964,0.047312021255493164,0.050505466759204865
23,0.4,dense,none,none,0.0,1.0,1.0,1.0,1.0000001192092896,3.0683753315940976e-09,0.0,0.0,1.0,0.9999998807907104,0.0,0.0,0.49951171875,False,False,False,-0.08838844299316406,-0.0878479853272438,1.0,0.0
23,0.4,mean_pooled_score,none,none,0.4182692307692307,0.5817307692307693,0.8355695009231567,0.882652223110199,0.9935569763183594,0.16443048417568207,0.1748502403497696,0.38228872418403625,0.9617097973823547,0.9466105699539185,0.31323596835136414,3.6985278129577637,0.711202893938337,False,False,False,0.0760420560836792,0.08700225502252579,0.8355695009231567,-0.1748502403497696
23,0.4,oracle_block_mass,none,none,0.38605769230769227,0.6139423076923077,0.9116115570068359,0.9199013113975525,0.9997777938842773,0.08838842809200287,0.0878479853272438,0.16612303256988525,0.9942922592163086,0.9893966913223267,0.17677684128284454,1.84591805934906,0.6936274937220982,False,False,False,0.08838844299316406,0.0878479853272438,0.9116115570068359,-0.0878479853272438
23,0.4,aglr_antidiagonal_logsumexp,both_diagonals,logsumexp,0.38605769230769227,0.6139423076923077,0.8809699416160583,0.8984948396682739,0.9996019005775452,0.11903006583452225,0.12515708804130554,0.2462710440158844,0.9841326475143433,0.9772052764892578,0.2380601465702057,2.5610554218292236,0.695556640625,False,False,False,0.030641615390777588,0.03730910271406174,0.04540044069290161,0.04969315230846405
23,0.4,aglr_antidiagonal_topk_mean,both_diagonals,topk_mean,0.38605769230769227,0.6139423076923077,0.8820160627365112,0.8985999822616577,0.9996605515480042,0.11798395961523056,0.12121139466762543,0.240980863571167,0.9863564372062683,0.9789637327194214,0.23596791923046112,2.5414271354675293,0.695556640625,False,False,False,0.029595494270324707,0.03336340934038162,0.04644656181335449,0.053638845682144165
23,0.5,dense,none,none,0.0,1.0,1.0,1.0,1.0000001192092896,3.0683753315940976e-09,0.0,0.0,1.0,0.9999998807907104,0.0,0.0,0.49951171875,False,False,False,-0.1392725110054016,-0.13602492213249207,1.0,0.0
23,0.5,mean_pooled_score,none,none,0.523076923076923,0.47692307692307695,0.767264187335968,0.8185964226722717,0.9871341586112976,0.23273582756519318,0.250424325466156,0.6109249591827393,0.9321483373641968,0.871607780456543,0.43422165513038635,5.258780002593994,0.763779776436942,False,False,False,0.09346330165863037,0.11439940333366394,0.767264187335968,-0.250424325466156
23,0.5,oracle_block_mass,none,none,0.49230769230769234,0.5076923076923077,0.8607274889945984,0.8695558309555054,0.9969227313995361,0.13927243649959564,0.13602492213249207,0.26132291555404663,0.9882891774177551,0.9754495620727539,0.2785448729991913,2.9543869495391846,0.7463645935058594,False,False,False,0.1392725110054016,0.13602492213249207,0.8607274889945984,-0.13602492213249207
23,0.5,aglr_antidiagonal_logsumexp,both_diagonals,logsumexp,0.4918269230769231,0.5081730769230769,0.8212122917175293,0.8396615386009216,0.9994030594825745,0.17878775298595428,0.18201866745948792,0.3639320135116577,0.9746214747428894,0.952975332736969,0.35757550597190857,3.879350185394287,0.749267578125,False,False,False,0.03951519727706909,0.04599374532699585,0.05394810438156128,0.06840565800666809
23,0.5,aglr_antidiagonal_topk_mean,both_diagonals,topk_mean,0.4918269230769231,0.5081730769230769,0.8229569792747498,0.8408732414245605,0.9992274045944214,0.17704299092292786,0.1795203983783722,0.35576140880584717,0.9757184982299805,0.9556201696395874,0.3540859818458557,3.843061685562134,0.749267578125,False,False,False,0.03777050971984863,0.04349547624588013,0.05569279193878174,0.07090392708778381
23,0.6,dense,none,none,0.0,1.0,1.0,1.0,1.0000001192092896,3.0683753315940976e-09,0.0,0.0,1.0,0.9999998807907104,0.0,0.0,0.49951171875,False,False,False,-0.189583420753479,-0.1848575323820114,1.0,0.0
23,0.6,mean_pooled_score,none,none,0.6182692307692308,0.3817307692307692,0.7039862871170044,0.7397481799125671,0.981121838092804,0.2960136830806732,0.32494598627090454,0.7816373109817505,0.9144251942634583,0.7914391756057739,0.5607773661613464,6.672990322113037,0.8117762974330357,False,False,False,0.1064302921295166,0.14008845388889313,0.7039862871170044,-0.32494598627090454
23,0.6,oracle_block_mass,none,none,0.5875,0.4125,0.810416579246521,0.8100998997688293,0.9954352378845215,0.1895834058523178,0.1848575323820114,0.3417379856109619,0.9817878007888794,0.9585237503051758,0.3791668117046356,4.040227890014648,0.794173104422433,False,False,False,0.189583420753479,0.1848575323820114,0.810416579246521,-0.1848575323820114
23,0.6,aglr_antidiagonal_logsumexp,both_diagonals,logsumexp,0.5870192307692308,0.4129807692307692,0.7557206153869629,0.7644696235656738,0.9989385604858398,0.2442794144153595,0.2477065771818161,0.49186810851097107,0.9600895047187805,0.9144165515899658,0.488558828830719,5.333615303039551,0.797607421875,False,False,False,0.054695963859558105,0.06284904479980469,0.051734328269958496,0.07723940908908844
23,0.6,aglr_antidiagonal_topk_mean,both_diagonals,topk_mean,0.5870192307692308,0.4129807692307692,0.7590392827987671,0.7675206661224365,0.998802661895752,0.2409607321023941,0.24563784897327423,0.48760169744491577,0.9611248970031738,0.9152383804321289,0.4819214642047882,5.2594475746154785,0.797607421875,False,False,False,0.051377296447753906,0.06078031659126282,0.055052995681762695,0.07930813729763031
