layer,strategy_name,group_size,valid_tiles,actual_sparsity,naive_mismatch_rate,false_drop_rate,false_keep_rate,certificate_violations,certimask_exact_match_rate,analytic_refinement_rate,actual_refinement_rate,score_error_p50,score_error_p90,score_error_p99,bound_p50,bound_p90,bound_p99,rho_p50,rho_p90,rho_p99,rho_max,score_std,abs_score_p50,abs_score_p90,abs_score_p99
0,k_only_per_group_g16_coordinate_analytic,16,29120,0.8658653846153846,0.1461195054945055,0.015625,0.1304945054945055,0,1.0,0.7682348901098901,0.7682348901098901,0.8031158447265625,2.4097471237182617,5.666241645812988,8.697997093200684,14.778101921081543,20.499967575073242,10.558008193969727,60.0455207824707,589.6498413085938,504701.15625,214.5881805419922,149.7937774658203,496.2427673339844,960.52783203125
0,k_only_per_group_g8_coordinate_analytic,8,29120,0.8658653846153846,0.11256868131868132,0.01243131868131868,0.10013736263736264,0,1.0,0.6190247252747253,0.6190247252747253,0.3729572296142578,1.429810881614685,2.3994345664978027,3.7121834754943848,9.572080612182617,11.466127395629883,10.036226272583008,59.60306930541992,667.2824096679688,219981.609375,214.5881805419922,149.7937774658203,496.2427673339844,960.52783203125
0,k_only_per_group_g4_coordinate_analytic,4,29120,0.8658653846153846,0.06335851648351648,0.008207417582417583,0.0551510989010989,0,1.0,0.5073145604395605,0.5073145604395605,0.21285247802734375,0.780474841594696,1.6345709562301636,1.9857792854309082,5.844212532043457,6.40995454788208,10.848864555358887,63.16278076171875,671.3618774414062,1964615008256.0,214.5881805419922,149.7937774658203,496.2427673339844,960.52783203125
0,k_only_per_vector_coordinate_analytic,0,29120,0.8658653846153846,0.11449175824175824,0.018166208791208793,0.09632554945054946,0,1.0,0.9178571428571428,0.9178571428571428,0.9748992919921875,2.518418788909912,3.9988646507263184,29.53290367126465,32.272735595703125,63.08815383911133,26.632801055908203,139.7840576171875,1474.6075439453125,497342.84375,214.5881805419922,149.7937774658203,496.2427673339844,960.52783203125
0,qk_per_group_g4_coordinate_analytic,4,29120,0.8658653846153846,0.07012362637362637,0.013770604395604395,0.05635302197802198,0,1.0,0.6514766483516483,0.6514766483516483,0.28955078125,1.0126373767852783,2.198951244354248,4.174947738647461,11.405024528503418,12.52761173248291,16.231037139892578,84.727294921875,863.6224365234375,175390.5625,214.5881805419922,149.7937774658203,496.2427673339844,960.52783203125
1,k_only_per_group_g16_coordinate_analytic,16,29120,0.8658653846153846,0.04941620879120879,0.006456043956043956,0.042960164835164835,0,1.0,0.33605769230769234,0.33605769230769234,0.036531489342451096,0.5789855718612671,1.602799654006958,0.6369142532348633,4.242926597595215,4.566651344299316,9.396256446838379,52.26750946044922,500.8240051269531,2612545454080.0,121.2702865600586,16.296602249145508,310.09393310546875,356.382568359375
1,k_only_per_group_g8_coordinate_analytic,8,29120,0.8658653846153846,0.044608516483516485,0.004395604395604396,0.04021291208791209,0,1.0,0.2952953296703297,0.2952953296703297,0.023279666900634766,0.478363037109375,1.383926272392273,0.3849751651287079,3.35011887550354,3.603867530822754,10.097980499267578,49.59082794189453,536.4849853515625,116119.453125,121.2702865600586,16.296602249145508,310.09393310546875,356.382568359375
1,k_only_per_group_g4_coordinate_analytic,4,29120,0.8658653846153846,0.031868131868131866,0.004979395604395604,0.026888736263736265,0,1.0,0.2657967032967033,0.2657967032967033,0.013771533966064453,0.37332987785339355,1.0775599479675293,0.24080410599708557,2.3874871730804443,2.6800498962402344,11.298234939575195,63.068199157714844,658.73583984375,78612086784.0,121.2702865600586,16.296602249145508,310.09393310546875,356.382568359375
1,k_only_per_vector_coordinate_analytic,0,29120,0.8658653846153846,0.056146978021978024,0.005597527472527473,0.05054945054945055,0,1.0,0.567135989010989,0.567135989010989,0.0643700361251831,0.6978164911270142,1.7346760034561157,2.675333261489868,10.273459434509277,11.004158020019531,21.252178192138672,116.60335540771484,1244.496337890625,656511.5,121.2702865600586,16.296602249145508,310.09393310546875,356.382568359375
1,qk_per_group_g4_coordinate_analytic,4,29120,0.8658653846153846,0.03938873626373626,0.005975274725274725,0.03341346153846154,0,1.0,0.309478021978022,0.309478021978022,0.02053000032901764,0.5078758001327515,1.3223977088928223,0.4839562773704529,4.346517086029053,4.719581127166748,15.542524337768555,85.00296783447266,843.4947509765625,134976.484375,121.2702865600586,16.296602249145508,310.09393310546875,356.382568359375
2,k_only_per_group_g16_coordinate_analytic,16,29120,0.8658653846153846,0.020432692307692308,0.004086538461538462,0.016346153846153847,0,1.0,0.13890796703296704,0.13890796703296704,0.049449920654296875,0.12285137176513672,0.21337555348873138,0.5316588878631592,0.6971741914749146,0.7372969388961792,9.402655601501465,49.02165985107422,488.5111389160156,638633574400.0,12.471944808959961,20.801536560058594,44.86406707763672,50.9694938659668
2,k_only_per_group_g8_coordinate_analytic,8,29120,0.8658653846153846,0.018990384615384614,0.0037431318681318683,0.015247252747252747,0,1.0,0.09927884615384615,0.09927884615384615,0.03669261932373047,0.09959257394075394,0.17804858088493347,0.3480690121650696,0.4518134891986847,0.5154241919517517,8.175609588623047,39.26079559326172,392.99261474609375,241052.046875,12.471944808959961,20.801536560058594,44.86406707763672,50.9694938659668
2,k_only_per_group_g4_coordinate_analytic,4,29120,0.8658653846153846,0.01771978021978022,0.0020260989010989013,0.01569368131868132,0,1.0,0.08705357142857142,0.08705357142857142,0.01917266845703125,0.090936079621315,0.1407696008682251,0.2815368175506592,0.3828721046447754,0.43517690896987915,11.588248252868652,67.81249237060547,640.0964965820312,96829.5625,12.471944808959961,20.801536560058594,44.86406707763672,50.9694938659668
2,k_only_per_vector_coordinate_analytic,0,29120,0.8658653846153846,0.024210164835164836,0.005872252747252747,0.01833791208791209,0,1.0,0.403228021978022,0.403228021978022,0.07557392120361328,0.2020980417728424,0.3641408681869507,1.5693457126617432,2.228532552719116,2.352205276489258,19.99761390686035,104.36898803710938,1017.9190673828125,531576.25,12.471944808959961,20.801536560058594,44.86406707763672,50.9694938659668
2,qk_per_group_g4_coordinate_analytic,4,29120,0.8658653846153846,0.01868131868131868,0.002197802197802198,0.016483516483516484,0,1.0,0.1490728021978022,0.1490728021978022,0.022518157958984375,0.1225397139787674,0.2117404341697693,0.5780226588249207,0.8045448660850525,0.8746886849403381,19.275081634521484,108.96672058105469,1053.5177001953125,703225856000.0,12.471944808959961,20.801536560058594,44.86406707763672,50.9694938659668
3,k_only_per_group_g16_coordinate_analytic,16,29120,0.8658653846153846,0.015350274725274725,0.0007898351648351648,0.01456043956043956,0,1.0,0.0902815934065934,0.0902815934065934,0.01316976547241211,0.03434703126549721,0.06784319132566452,0.221336230635643,0.2786216139793396,0.35215067863464355,16.554183959960938,89.73948669433594,804.694091796875,268913.6875,11.93785285949707,11.831640243530273,16.335033416748047,19.96959686279297
3,k_only_per_group_g8_coordinate_analytic,8,29120,0.8658653846153846,0.015796703296703296,0.0006524725274725274,0.01514423076923077,0,1.0,0.07441620879120879,0.07441620879120879,0.009157180786132812,0.027879714965820312,0.05878766253590584,0.16615736484527588,0.19645334780216217,0.2577669620513916,17.398412704467773,96.93679809570312,1022.4561767578125,189214.75,11.93785285949707,11.831640243530273,16.335033416748047,19.96959686279297
3,k_only_per_group_g4_coordinate_analytic,4,29120,0.8658653846153846,0.01514423076923077,0.00034340659340659343,0.014800824175824175,0,1.0,0.06559065934065934,0.06559065934065934,0.007194042205810547,0.022599922493100166,0.04970856383442879,0.13497865200042725,0.16611596941947937,0.22003379464149475,18.30927276611328,103.68829345703125,1067.13330078125,116187029504.0,11.93785285949707,11.831640243530273,16.335033416748047,19.96959686279297
3,k_only_per_vector_coordinate_analytic,0,29120,0.8658653846153846,0.020604395604395604,0.0017513736263736264,0.018853021978021977,0,1.0,0.22664835164835165,0.22664835164835165,0.030942648649215698,0.08738287538290024,0.15414434671401978,0.7016706466674805,0.9754043221473694,1.2256888151168823,22.032752990722656,119.12165832519531,1204.9700927734375,123000.7890625,11.93785285949707,11.831640243530273,16.335033416748047,19.96959686279297
3,qk_per_group_g4_coordinate_analytic,4,29120,0.8658653846153846,0.01775412087912088,0.0013736263736263737,0.016380494505494506,0,1.0,0.1128434065934066,0.1128434065934066,0.013952255249023438,0.04303312301635742,0.08158464729785919,0.31440818309783936,0.35794004797935486,0.4961205720901489,21.487031936645508,120.08847045898438,1316.214599609375,229915836416.0,11.93785285949707,11.831640243530273,16.335033416748047,19.96959686279297
4,k_only_per_group_g16_coordinate_analytic,16,29120,0.8658653846153846,0.020226648351648353,0.0020604395604395605,0.018166208791208793,0,1.0,0.10398351648351649,0.10398351648351649,0.026001453399658203,0.06315507739782333,0.0987320989370346,0.22726191580295563,0.3373247981071472,0.4091881215572357,9.1613130569458,46.15361022949219,469.7562255859375,973429.1875,9.922460556030273,9.236227035522461,14.804672241210938,17.891225814819336
4,k_only_per_group_g8_coordinate_analytic,8,29120,0.8658653846153846,0.020054945054945057,0.0012706043956043956,0.01878434065934066,0,1.0,0.08083791208791209,0.08083791208791209,0.009501084685325623,0.035119153559207916,0.06770365685224533,0.15371444821357727,0.22812382876873016,0.2824942469596863,15.634346008300781,84.92549896240234,857.2208251953125,129906401280.0,9.922460556030273,9.236227035522461,14.804672241210938,17.891225814819336
4,k_only_per_group_g4_coordinate_analytic,4,29120,0.8658653846153846,0.017788461538461538,0.0013049450549450549,0.016483516483516484,0,1.0,0.06981456043956044,0.06981456043956044,0.007160186767578125,0.03226473182439804,0.06438259780406952,0.12019520998001099,0.18268345296382904,0.24402490258216858,16.614824295043945,93.36878967285156,916.015380859375,122295771136.0,9.922460556030273,9.236227035522461,14.804672241210938,17.891225814819336
4,k_only_per_vector_coordinate_analytic,0,29120,0.8658653846153846,0.02400412087912088,0.0027815934065934067,0.021222527472527473,0,1.0,0.3051510989010989,0.3051510989010989,0.04742187261581421,0.10668697208166122,0.15411776304244995,1.0068573951721191,1.1965241432189941,1.2552951574325562,19.776039123535156,101.69396209716797,1064.9112548828125,1203525255168.0,9.922460556030273,9.236227035522461,14.804672241210938,17.891225814819336
4,qk_per_group_g4_coordinate_analytic,4,29120,0.8658653846153846,0.02036401098901099,0.001820054945054945,0.018543956043956044,0,1.0,0.11555631868131869,0.11555631868131869,0.01050424575805664,0.054523564875125885,0.10969622433185577,0.25155287981033325,0.4077199399471283,0.5398513078689575,23.211910247802734,136.99688720703125,1403.472412109375,250957791232.0,9.922460556030273,9.236227035522461,14.804672241210938,17.891225814819336
5,k_only_per_group_g16_coordinate_analytic,16,29120,0.8658653846153846,0.02184065934065934,0.001407967032967033,0.020432692307692308,0,1.0,0.09742445054945055,0.09742445054945055,0.011408805847167969,0.03224858641624451,0.062273576855659485,0.16165731847286224,0.21705131232738495,0.2515009939670563,13.946676254272461,75.06195831298828,742.0617065429688,97081.171875,2.479304313659668,6.955861568450928,10.77685260772705,14.244711875915527
5,k_only_per_group_g8_coordinate_analytic,8,29120,0.8658653846153846,0.019230769230769232,0.0008585164835164835,0.018372252747252748,0,1.0,0.08210851648351648,0.08210851648351648,0.006679058074951172,0.01719684526324272,0.030597414821386337,0.12566980719566345,0.15559615194797516,0.18651659786701202,18.23503875732422,95.10738372802734,921.2540893554688,355739.5625,2.479304313659668,6.955861568450928,10.77685260772705,14.244711875915527
5,k_only_per_group_g4_coordinate_analytic,4,29120,0.8658653846153846,0.017925824175824175,0.0007554945054945055,0.017170329670329672,0,1.0,0.07348901098901099,0.07348901098901099,0.005003452301025391,0.012491845525801182,0.022144678980112076,0.1052825003862381,0.12924540042877197,0.14258083701133728,20.506004333496094,106.2197494506836,1116.648681640625,98618163200.0,2.479304313659668,6.955861568450928,10.77685260772705,14.244711875915527
5,k_only_per_vector_coordinate_analytic,0,29120,0.8658653846153846,0.02616758241758242,0.004361263736263736,0.02180631868131868,0,1.0,0.3350274725274725,0.3350274725274725,0.03498339653015137,0.07768945395946503,0.11910150200128555,0.6937450170516968,0.8928796648979187,1.0064771175384521,19.0457706451416,97.62955474853516,1036.89501953125,614468747264.0,2.479304313659668,6.955861568450928,10.77685260772705,14.244711875915527
5,qk_per_group_g4_coordinate_analytic,4,29120,0.8658653846153846,0.01806318681318681,0.0009958791208791208,0.01706730769230769,0,1.0,0.12029532967032967,0.12029532967032967,0.009354352951049805,0.024173259735107422,0.039470747113227844,0.22310078144073486,0.2854172885417938,0.3206317722797394,23.324703216552734,122.04368591308594,1257.4794921875,137733.46875,2.479304313659668,6.955861568450928,10.77685260772705,14.244711875915527
6,k_only_per_group_g16_coordinate_analytic,16,29120,0.8658653846153846,0.02383241758241758,0.001098901098901099,0.022733516483516483,0,1.0,0.08372252747252747,0.08372252747252747,0.012905597686767578,0.04885515943169594,0.08122871816158295,0.12305906414985657,0.2333611398935318,0.25654032826423645,8.849846839904785,50.95270538330078,551.2366943359375,228693.8125,6.13985538482666,5.614675521850586,10.452925682067871,14.467829704284668
6,k_only_per_group_g8_coordinate_analytic,8,29120,0.8658653846153846,0.02345467032967033,0.0009958791208791208,0.02245879120879121,0,1.0,0.076614010989011,0.076614010989011,0.013113856315612793,0.04501466453075409,0.07360105216503143,0.10642147809267044,0.2036781758069992,0.2269490510225296,7.484779357910156,40.153507232666016,415.76995849609375,189656252416.0,6.13985538482666,5.614675521850586,10.452925682067871,14.467829704284668
6,k_only_per_group_g4_coordinate_analytic,4,29120,0.8658653846153846,0.01720467032967033,0.0004120879120879121,0.016792582417582417,0,1.0,0.06050824175824176,0.06050824175824176,0.006417751312255859,0.014822006225585938,0.022951899096369743,0.08301861584186554,0.11635598540306091,0.13362029194831848,12.540111541748047,70.4896011352539,731.5138549804688,118101549056.0,6.13985538482666,5.614675521850586,10.452925682067871,14.467829704284668
6,k_only_per_vector_coordinate_analytic,0,29120,0.8658653846153846,0.0196771978021978,0.001407967032967033,0.01826923076923077,0,1.0,0.1862293956043956,0.1862293956043956,0.013437986373901367,0.050247903913259506,0.08269086480140686,0.30617350339889526,0.6935536861419678,0.8093605637550354,22.3507022857666,127.31132507324219,1310.6773681640625,503976.625,6.13985538482666,5.614675521850586,10.452925682067871,14.467829704284668
6,qk_per_group_g4_coordinate_analytic,4,29120,0.8658653846153846,0.0176510989010989,0.0007211538461538462,0.016929945054945054,0,1.0,0.09714972527472528,0.09714972527472528,0.009398937225341797,0.023421619087457657,0.037800293415784836,0.1848822981119156,0.2612953782081604,0.30487948656082153,19.4633846282959,104.67955017089844,1123.0474853515625,191391.859375,6.13985538482666,5.614675521850586,10.452925682067871,14.467829704284668
7,k_only_per_group_g16_coordinate_analytic,16,29120,0.8658653846153846,0.01662087912087912,0.0002403846153846154,0.016380494505494506,0,1.0,0.0582760989010989,0.0582760989010989,0.007875442504882812,0.019525717943906784,0.03166509047150612,0.16834919154644012,0.20830553770065308,0.23209667205810547,20.481487274169922,108.50183868408203,1067.100341796875,207575973888.0,3.7327864170074463,11.346251487731934,16.02557373046875,20.222137451171875
7,k_only_per_group_g8_coordinate_analytic,8,29120,0.8658653846153846,0.01624313186813187,0.00017170329670329672,0.01607142857142857,0,1.0,0.0543956043956044,0.0543956043956044,0.0056304931640625,0.014151763170957565,0.022739099338650703,0.13791832327842712,0.17412135004997253,0.20206595957279205,24.07510757446289,129.78175354003906,1274.5877685546875,142796144640.0,3.7327864170074463,11.346251487731934,16.02557373046875,20.222137451171875
7,k_only_per_group_g4_coordinate_analytic,4,29120,0.8658653846153846,0.01507554945054945,3.434065934065934e-05,0.015041208791208792,0,1.0,0.05188873626373627,0.05188873626373627,0.004067897796630859,0.010647963732481003,0.017963791266083717,0.11934909224510193,0.15465529263019562,0.1841019243001938,28.86664581298828,152.4508056640625,1553.54541015625,151956848640.0,3.7327864170074463,11.346251487731934,16.02557373046875,20.222137451171875
7,k_only_per_vector_coordinate_analytic,0,29120,0.8658653846153846,0.02074175824175824,0.001614010989010989,0.019127747252747254,0,1.0,0.14436813186813185,0.14436813186813185,0.04369616508483887,0.10065755993127823,0.14672355353832245,0.7934628129005432,1.087939739227295,1.1851496696472168,16.20127296447754,81.61431884765625,863.90625,268905.375,3.7327864170074463,11.346251487731934,16.02557373046875,20.222137451171875
7,qk_per_group_g4_coordinate_analytic,4,29120,0.8658653846153846,0.01569368131868132,0.00030906593406593405,0.015384615384615385,0,1.0,0.07118818681318681,0.07118818681318681,0.006849050521850586,0.017964458093047142,0.03066260740160942,0.24861526489257812,0.3335840106010437,0.3979320526123047,35.61762237548828,194.34986877441406,1970.4403076171875,197912756224.0,3.7327864170074463,11.346251487731934,16.02557373046875,20.222137451171875
8,k_only_per_group_g16_coordinate_analytic,16,29120,0.8658653846153846,0.05,0.004979395604395604,0.045020604395604395,0,1.0,0.33489010989010987,0.33489010989010987,0.041663408279418945,1.0148773193359375,2.5342910289764404,1.120485782623291,3.5587682723999023,8.715442657470703,7.378657341003418,40.578582763671875,409.3999328613281,180979.734375,36.72123336791992,8.82469654083252,36.191680908203125,203.7589874267578
8,k_only_per_group_g8_coordinate_analytic,8,29120,0.8658653846153846,0.0435782967032967,0.003434065934065934,0.04014423076923077,0,1.0,0.22338598901098902,0.22338598901098902,0.0381932258605957,0.7167509198188782,1.88906991481781,0.7355920076370239,1.9206722974777222,5.178623676300049,6.412121772766113,35.17464065551758,336.3957214355469,279001.5625,36.72123336791992,8.82469654083252,36.191680908203125,203.7589874267578
8,k_only_per_group_g4_coordinate_analytic,4,29120,0.8658653846153846,0.018853021978021977,0.0025412087912087913,0.016311813186813188,0,1.0,0.10003434065934066,0.10003434065934066,0.01220703125,0.19929131865501404,0.7871140837669373,0.1928863823413849,0.6447247862815857,2.659350633621216,11.34971809387207,63.23033905029297,625.8258056640625,106674192384.0,36.72123336791992,8.82469654083252,36.191680908203125,203.7589874267578
8,k_only_per_vector_coordinate_analytic,0,29120,0.8658653846153846,0.055357142857142855,0.005563186813186813,0.04979395604395604,0,1.0,0.5536744505494505,0.5536744505494505,0.0747365951538086,1.2493681907653809,3.6956937313079834,3.6047379970550537,12.851906776428223,33.472476959228516,18.248043060302734,95.54042053222656,997.1669311523438,570365.9375,36.72123336791992,8.82469654083252,36.191680908203125,203.7589874267578
8,qk_per_group_g4_coordinate_analytic,4,29120,0.8658653846153846,0.02074175824175824,0.0030906593406593405,0.0176510989010989,0,1.0,0.1619162087912088,0.1619162087912088,0.01742076873779297,0.27967390418052673,1.1511430740356445,0.3903679847717285,1.392778754234314,4.858963966369629,16.273088455200195,93.01319885253906,925.4244384765625,546395.1875,36.72123336791992,8.82469654083252,36.191680908203125,203.7589874267578
9,k_only_per_group_g16_coordinate_analytic,16,29120,0.8658653846153846,0.018166208791208793,0.0020604395604395605,0.01610576923076923,0,1.0,0.08028846153846154,0.08028846153846154,0.029191970825195312,0.06747221946716309,0.1030915305018425,0.24294070899486542,0.2969358563423157,0.3501160144805908,8.175158500671387,43.837196350097656,459.0033874511719,180243.21875,9.03357219696045,8.846138000488281,27.93072509765625,37.98969650268555
9,k_only_per_group_g8_coordinate_analytic,8,29120,0.8658653846153846,0.01871565934065934,0.0014423076923076924,0.01727335164835165,0,1.0,0.0698489010989011,0.0698489010989011,0.018868446350097656,0.05148429796099663,0.07828667759895325,0.19262287020683289,0.24670341610908508,0.2941046357154846,10.00596809387207,62.38348388671875,625.0150146484375,225433141248.0,9.03357219696045,8.846138000488281,27.93072509765625,37.98969650268555
9,k_only_per_group_g4_coordinate_analytic,4,29120,0.8658653846153846,0.017445054945054946,0.0008241758241758242,0.01662087912087912,0,1.0,0.06153846153846154,0.06153846153846154,0.008868217468261719,0.028407476842403412,0.06218840181827545,0.137334942817688,0.22301308810710907,0.260520339012146,15.951217651367188,87.81934356689453,990.104736328125,217377030144.0,9.03357219696045,8.846138000488281,27.93072509765625,37.98969650268555
9,k_only_per_vector_coordinate_analytic,0,29120,0.8658653846153846,0.020947802197802196,0.0026785714285714286,0.01826923076923077,0,1.0,0.21497252747252749,0.21497252747252749,0.037706613540649414,0.10547137260437012,0.17184579372406006,0.9540218710899353,1.260863184928894,1.4302312135696411,23.48773193359375,115.95713806152344,1100.4967041015625,1381782913024.0,9.03357219696045,8.846138000488281,27.93072509765625,37.98969650268555
9,qk_per_group_g4_coordinate_analytic,4,29120,0.8658653846153846,0.018440934065934066,0.0014766483516483516,0.016964285714285713,0,1.0,0.10075549450549451,0.10075549450549451,0.015949249267578125,0.048958394676446915,0.11337228119373322,0.29995864629745483,0.5603596568107605,0.7255957126617432,19.897180557250977,107.3516616821289,1222.60888671875,328219754496.0,9.03357219696045,8.846138000488281,27.93072509765625,37.98969650268555
10,k_only_per_group_g16_coordinate_analytic,16,29120,0.8658653846153846,0.019059065934065936,0.001614010989010989,0.017445054945054946,0,1.0,0.09601648351648352,0.09601648351648352,0.01703023910522461,0.044319771230220795,0.07314606755971909,0.20106498897075653,0.2430785447359085,0.2778952419757843,11.357847213745117,59.758514404296875,588.784912109375,269215.96875,3.431797981262207,6.685447692871094,12.756200790405273,17.45223045349121
10,k_only_per_group_g8_coordinate_analytic,8,29120,0.8658653846153846,0.015281593406593406,0.001201923076923077,0.01407967032967033,0,1.0,0.08155906593406594,0.08155906593406594,0.010092973709106445,0.029536914080381393,0.05290814861655235,0.1554166078567505,0.18840235471725464,0.21016478538513184,15.128395080566406,82.69076538085938,799.275390625,292927.375,3.431797981262207,6.685447692871094,12.756200790405273,17.45223045349121
10,k_only_per_group_g4_coordinate_analytic,4,29120,0.8658653846153846,0.018543956043956044,0.0005837912087912088,0.017960164835164834,0,1.0,0.07074175824175824,0.07074175824175824,0.007413387298583984,0.019168280065059662,0.0317893885076046,0.12458617985248566,0.15912307798862457,0.1738514006137848,16.54291534423828,92.02889251708984,905.8446044921875,95347277824.0,3.431797981262207,6.685447692871094,12.756200790405273,17.45223045349121
10,k_only_per_vector_coordinate_analytic,0,29120,0.8658653846153846,0.02489697802197802,0.0026442307692307694,0.022252747252747253,0,1.0,0.25333104395604394,0.25333104395604394,0.039403676986694336,0.09132837504148483,0.13496102392673492,0.7655842304229736,0.9452826380729675,1.033364176750183,18.348529815673828,90.5324935913086,915.04296875,92343.875,3.431797981262207,6.685447692871094,12.756200790405273,17.45223045349121
10,qk_per_group_g4_coordinate_analytic,4,29120,0.8658653846153846,0.018887362637362636,0.0007898351648351648,0.018097527472527474,0,1.0,0.1117445054945055,0.1117445054945055,0.010824084281921387,0.028326891362667084,0.04826992377638817,0.2585538625717163,0.32964596152305603,0.36338937282562256,23.782129287719727,127.72827911376953,1335.9427490234375,680846.6875,3.431797981262207,6.685447692871094,12.756200790405273,17.45223045349121
11,k_only_per_group_g16_coordinate_analytic,16,29120,0.8658653846153846,0.018131868131868133,0.0006524725274725274,0.017479395604395605,0,1.0,0.06476648351648352,0.06476648351648352,0.011259198188781738,0.02819838374853134,0.05563287436962128,0.18283087015151978,0.256491094827652,0.29591450095176697,16.624114990234375,86.33786010742188,812.7268676757812,224172392448.0,9.015186309814453,8.971216201782227,28.19196128845215,35.21619415283203
11,k_only_per_group_g8_coordinate_analytic,8,29120,0.8658653846153846,0.018166208791208793,0.0004464285714285714,0.01771978021978022,0,1.0,0.06167582417582418,0.06167582417582418,0.008368968963623047,0.02204723283648491,0.03710663318634033,0.1629108190536499,0.23573818802833557,0.2794967591762543,19.787925720214844,108.76531982421875,1123.688720703125,132247601152.0,9.015186309814453,8.971216201782227,28.19196128845215,35.21619415283203
11,k_only_per_group_g4_coordinate_analytic,4,29120,0.8658653846153846,0.016380494505494506,0.00020604395604395604,0.01617445054945055,0,1.0,0.057348901098901096,0.057348901098901096,0.006034135818481445,0.01640911027789116,0.027414172887802124,0.13961350917816162,0.20455484092235565,0.24401599168777466,23.93703842163086,130.62100219726562,1233.85107421875,179709886464.0,9.015186309814453,8.971216201782227,28.19196128845215,35.21619415283203
11,k_only_per_vector_coordinate_analytic,0,29120,0.8658653846153846,0.016929945054945054,0.0013049450549450549,0.015625,0,1.0,0.1534684065934066,0.1534684065934066,0.018898487091064453,0.05325450748205185,0.08443812280893326,0.6593562960624695,0.9594815969467163,1.1754016876220703,36.510013580322266,208.420166015625,2111.498291015625,690625642496.0,9.015186309814453,8.971216201782227,28.19196128845215,35.21619415283203
11,qk_per_group_g4_coordinate_analytic,4,29120,0.8658653846153846,0.016964285714285713,0.0006524725274725274,0.016311813186813188,0,1.0,0.0898695054945055,0.0898695054945055,0.013780593872070312,0.037991806864738464,0.0712367370724678,0.3123668134212494,0.4784541130065918,0.5714085698127747,23.051578521728516,126.17068481445312,1260.4505615234375,818896.5,9.015186309814453,8.971216201782227,28.19196128845215,35.21619415283203
12,k_only_per_group_g16_coordinate_analytic,16,29120,0.8658653846153846,0.018200549450549452,0.0010302197802197802,0.017170329670329672,0,1.0,0.06809752747252747,0.06809752747252747,0.02260005474090576,0.053584907203912735,0.0849967896938324,0.18542814254760742,0.24667592346668243,0.2814406454563141,7.936703681945801,38.439453125,387.9266052246094,56993.89453125,3.881010055541992,2.854621171951294,8.000948905944824,12.488449096679688
12,k_only_per_group_g8_coordinate_analytic,8,29120,0.8658653846153846,0.018200549450549452,0.0008928571428571428,0.01730769230769231,0,1.0,0.06380494505494505,0.06380494505494505,0.02181488275527954,0.050104375928640366,0.07409833371639252,0.15823587775230408,0.21051684021949768,0.2344595193862915,7.03411865234375,36.29256820678711,376.5574645996094,362508.65625,3.881010055541992,2.854621171951294,8.000948905944824,12.488449096679688
12,k_only_per_group_g4_coordinate_analytic,4,29120,0.8658653846153846,0.01603708791208791,0.0002747252747252747,0.015762362637362637,0,1.0,0.05563186813186813,0.05563186813186813,0.005796551704406738,0.015419960021972656,0.026590421795845032,0.11382082849740982,0.1531623899936676,0.1796843409538269,19.355850219726562,107.9258804321289,1052.4669189453125,120606.9453125,3.881010055541992,2.854621171951294,8.000948905944824,12.488449096679688
12,k_only_per_vector_coordinate_analytic,0,29120,0.8658653846153846,0.01981456043956044,0.001201923076923077,0.018612637362637362,0,1.0,0.1300824175824176,0.1300824175824176,0.02499258518218994,0.0636255294084549,0.10489045828580856,0.5033196210861206,0.6537894010543823,0.7572087645530701,18.910491943359375,102.33206939697266,960.3055419921875,642415.5625,3.881010055541992,2.854621171951294,8.000948905944824,12.488449096679688
12,qk_per_group_g4_coordinate_analytic,4,29120,0.8658653846153846,0.016792582417582417,0.0006181318681318681,0.01617445054945055,0,1.0,0.08265796703296703,0.08265796703296703,0.009592324495315552,0.024496864527463913,0.04093565419316292,0.24882683157920837,0.3313812017440796,0.3946703374385834,25.20210838317871,137.1695556640625,1447.037841796875,449947.84375,3.881010055541992,2.854621171951294,8.000948905944824,12.488449096679688
13,k_only_per_group_g16_coordinate_analytic,16,29120,0.8658653846153846,0.018543956043956044,0.0007554945054945055,0.017788461538461538,0,1.0,0.06304945054945055,0.06304945054945055,0.0162784606218338,0.04179560765624046,0.06484907865524292,0.19569145143032074,0.24084129929542542,0.26792535185813904,11.60788345336914,65.71492767333984,648.6778564453125,453854.71875,2.7513840198516846,3.735743284225464,7.268184185028076,10.270987510681152
13,k_only_per_group_g8_coordinate_analytic,8,29120,0.8658653846153846,0.01871565934065934,0.0004464285714285714,0.01826923076923077,0,1.0,0.05872252747252747,0.05872252747252747,0.009385347366333008,0.024823473766446114,0.04270230233669281,0.16847845911979675,0.20746482908725739,0.2410450130701065,17.14261245727539,92.38451385498047,907.0537719726562,194093072384.0,2.7513840198516846,3.735743284225464,7.268184185028076,10.270987510681152
13,k_only_per_group_g4_coordinate_analytic,4,29120,0.8658653846153846,0.019505494505494506,0.0004120879120879121,0.019093406593406595,0,1.0,0.05473901098901099,0.05473901098901099,0.0071370601654052734,0.0186186321079731,0.03765460476279259,0.1431184560060501,0.17970876395702362,0.20796740055084229,19.40043067932129,98.23670196533203,936.2406616210938,134050070528.0,2.7513840198516846,3.735743284225464,7.268184185028076,10.270987510681152
13,k_only_per_vector_coordinate_analytic,0,29120,0.8658653846153846,0.015968406593406592,0.001407967032967033,0.01456043956043956,0,1.0,0.11943681318681319,0.11943681318681319,0.025119870901107788,0.06255253404378891,0.09577055275440216,0.4993950426578522,0.6369588375091553,0.729185163974762,18.885364532470703,96.88064575195312,953.1866455078125,232237.4375,2.7513840198516846,3.735743284225464,7.268184185028076,10.270987510681152
13,qk_per_group_g4_coordinate_analytic,4,29120,0.8658653846153846,0.01833791208791209,0.0005494505494505495,0.017788461538461538,0,1.0,0.08296703296703296,0.08296703296703296,0.013088226318359375,0.03565375506877899,0.0674336776137352,0.3133525848388672,0.38626009225845337,0.4489557445049286,22.90595054626465,124.75397491455078,1305.1727294921875,612292.3125,2.7513840198516846,3.735743284225464,7.268184185028076,10.270987510681152
14,k_only_per_group_g16_coordinate_analytic,16,29120,0.8658653846153846,0.019883241758241757,0.0007898351648351648,0.019093406593406595,0,1.0,0.0733173076923077,0.0733173076923077,0.014565467834472656,0.03713063895702362,0.05698557570576668,0.2028276026248932,0.2599281668663025,0.29801705479621887,13.40872859954834,69.58667755126953,672.5226440429688,90572.8046875,3.3421545028686523,4.982939720153809,9.87106990814209,13.568314552307129
14,k_only_per_group_g8_coordinate_analytic,8,29120,0.8658653846153846,0.018200549450549452,0.0005151098901098901,0.01768543956043956,0,1.0,0.0648695054945055,0.0648695054945055,0.009614944458007812,0.02711852639913559,0.04088875278830528,0.16025924682617188,0.20417572557926178,0.23454149067401886,16.364505767822266,95.0239486694336,887.6196899414062,457096.90625,3.3421545028686523,4.982939720153809,9.87106990814209,13.568314552307129
14,k_only_per_group_g4_coordinate_analytic,4,29120,0.8658653846153846,0.01864697802197802,0.00030906593406593405,0.01833791208791209,0,1.0,0.05710851648351648,0.05710851648351648,0.007459402084350586,0.021381281316280365,0.034944914281368256,0.12850089371204376,0.1531989872455597,0.16705425083637238,16.845439910888672,90.48641204833984,870.881591796875,141785104384.0,3.3421545028686523,4.982939720153809,9.87106990814209,13.568314552307129
14,k_only_per_vector_coordinate_analytic,0,29120,0.8658653846153846,0.018818681318681318,0.0018887362637362637,0.016929945054945054,0,1.0,0.1637706043956044,0.1637706043956044,0.0291367769241333,0.07599087059497833,0.12175559997558594,0.6255403757095337,0.8757835030555725,0.9743126034736633,20.157207489013672,112.49969482421875,1113.8087158203125,235485.359375,3.3421545028686523,4.982939720153809,9.87106990814209,13.568314552307129
14,qk_per_group_g4_coordinate_analytic,4,29120,0.8658653846153846,0.019574175824175824,0.0006524725274725274,0.018921703296703295,0,1.0,0.0875,0.0875,0.01152503490447998,0.03134350851178169,0.05698172748088837,0.26998400688171387,0.32039111852645874,0.3650217056274414,22.867490768432617,122.38721466064453,1251.3275146484375,302126268416.0,3.3421545028686523,4.982939720153809,9.87106990814209,13.568314552307129
15,k_only_per_group_g16_coordinate_analytic,16,29120,0.8658653846153846,0.018956043956043955,0.0005837912087912088,0.018372252747252748,0,1.0,0.06844093406593407,0.06844093406593407,0.013637781143188477,0.03919529542326927,0.07883845269680023,0.17808905243873596,0.26541557908058167,0.3203856945037842,13.042951583862305,68.03304290771484,621.126708984375,202125.984375,4.5589447021484375,6.532193183898926,13.18535327911377,23.77900505065918
15,k_only_per_group_g8_coordinate_analytic,8,29120,0.8658653846153846,0.016826923076923076,0.00037774725274725276,0.016449175824175825,0,1.0,0.0625,0.0625,0.009787559509277344,0.027169108390808105,0.04587172716856003,0.146479532122612,0.22501446306705475,0.2721235156059265,15.399860382080078,82.9131088256836,877.4197387695312,165710.921875,4.5589447021484375,6.532193183898926,13.18535327911377,23.77900505065918
15,k_only_per_group_g4_coordinate_analytic,4,29120,0.8658653846153846,0.01607142857142857,0.0002747252747252747,0.015796703296703296,0,1.0,0.05580357142857143,0.05580357142857143,0.006239891052246094,0.018944822251796722,0.03948340192437172,0.12174375355243683,0.17670676112174988,0.21862001717090607,20.22580337524414,107.82768249511719,1104.907470703125,264624.03125,4.5589447021484375,6.532193183898926,13.18535327911377,23.77900505065918
15,k_only_per_vector_coordinate_analytic,0,29120,0.8658653846153846,0.020501373626373626,0.0019574175824175824,0.018543956043956044,0,1.0,0.15230082417582416,0.15230082417582416,0.03477787971496582,0.08551468700170517,0.14632748067378998,0.6072772145271301,0.9683597683906555,1.2482982873916626,16.802501678466797,80.8781967163086,794.3934326171875,125873.578125,4.5589447021484375,6.532193183898926,13.18535327911377,23.77900505065918
15,qk_per_group_g4_coordinate_analytic,4,29120,0.8658653846153846,0.0167239010989011,0.0006181318681318681,0.01610576923076923,0,1.0,0.08708791208791208,0.08708791208791208,0.011860847473144531,0.03180842101573944,0.06081485003232956,0.26471269130706787,0.3711874186992645,0.4854990243911743,22.90032958984375,125.20877838134766,1288.1845703125,159090.796875,4.5589447021484375,6.532193183898926,13.18535327911377,23.77900505065918
16,k_only_per_group_g16_coordinate_analytic,16,29120,0.8658653846153846,0.017342032967032968,0.0006524725274725274,0.01668956043956044,0,1.0,0.06078296703296703,0.06078296703296703,0.015027523040771484,0.04465703293681145,0.08541010320186615,0.24142670631408691,0.35471078753471375,0.4317781627178192,15.441082000732422,85.21939849853516,915.27978515625,134795296768.0,4.48232364654541,5.8543243408203125,11.296887397766113,18.954235076904297
16,k_only_per_group_g8_coordinate_analytic,8,29120,0.8658653846153846,0.017891483516483515,0.00037774725274725276,0.017513736263736264,0,1.0,0.05789835164835165,0.05789835164835165,0.01345670223236084,0.0388757698237896,0.08010737597942352,0.2144506275653839,0.31625038385391235,0.3835817277431488,15.173656463623047,78.49884033203125,850.5111694335938,89620.84375,4.48232364654541,5.8543243408203125,11.296887397766113,18.954235076904297
16,k_only_per_group_g4_coordinate_analytic,4,29120,0.8658653846153846,0.014457417582417583,0.0002403846153846154,0.014217032967032967,0,1.0,0.054017857142857145,0.054017857142857145,0.009502649307250977,0.025083253160119057,0.045472417026758194,0.18746736645698547,0.2716265022754669,0.33574366569519043,18.98554039001465,99.80828857421875,975.7799072265625,389437849600.0,4.48232364654541,5.8543243408203125,11.296887397766113,18.954235076904297
16,k_only_per_vector_coordinate_analytic,0,29120,0.8658653846153846,0.019162087912087913,0.0007211538461538462,0.018440934065934066,0,1.0,0.11109203296703296,0.11109203296703296,0.022725582122802734,0.06686638295650482,0.12627927958965302,0.6531835794448853,0.9129912853240967,1.1352877616882324,26.907625198364258,149.4883270263672,1641.817138671875,433486.0625,4.48232364654541,5.8543243408203125,11.296887397766113,18.954235076904297
16,qk_per_group_g4_coordinate_analytic,4,29120,0.8658653846153846,0.016346153846153847,0.0007898351648351648,0.015556318681318682,0,1.0,0.08598901098901099,0.08598901098901099,0.021561145782470703,0.05917338654398918,0.10698781162500381,0.44338077306747437,0.6218559741973877,0.7993555665016174,19.628189086914062,104.42225646972656,1062.8846435546875,427828.40625,4.48232364654541,5.8543243408203125,11.296887397766113,18.954235076904297
17,k_only_per_group_g16_coordinate_analytic,16,29120,0.8658653846153846,0.015453296703296704,0.001098901098901099,0.014354395604395604,0,1.0,0.07908653846153846,0.07908653846153846,0.014101028442382812,0.035126350820064545,0.05831264704465866,0.17762747406959534,0.21319082379341125,0.23907387256622314,12.354019165039062,69.06886291503906,748.621337890625,197623.421875,2.5547749996185303,7.648617744445801,11.268805503845215,14.573529243469238
17,k_only_per_group_g8_coordinate_analytic,8,29120,0.8658653846153846,0.015728021978021978,0.0007554945054945055,0.014972527472527473,0,1.0,0.07091346153846154,0.07091346153846154,0.008620500564575195,0.0224764347076416,0.03858482837677002,0.15053603053092957,0.1804894208908081,0.19579416513442993,17.027267456054688,95.03254699707031,985.8964233398438,158267146240.0,2.5547749996185303,7.648617744445801,11.268805503845215,14.573529243469238
17,k_only_per_group_g4_coordinate_analytic,4,29120,0.8658653846153846,0.014869505494505494,0.0005151098901098901,0.014354395604395604,0,1.0,0.06390796703296703,0.06390796703296703,0.006002187728881836,0.015572690404951572,0.027445893734693527,0.12389758229255676,0.14746686816215515,0.15790602564811707,19.9852294921875,105.89022827148438,1042.7939453125,107577663488.0,2.5547749996185303,7.648617744445801,11.268805503845215,14.573529243469238
17,k_only_per_vector_coordinate_analytic,0,29120,0.8658653846153846,0.019127747252747254,0.0018543956043956043,0.01727335164835165,0,1.0,0.175,0.175,0.026515722274780273,0.06370119750499725,0.09659677743911743,0.5246506929397583,0.7606363892555237,0.8137005567550659,19.890026092529297,107.31007385253906,1147.4295654296875,352741.25,2.5547749996185303,7.648617744445801,11.268805503845215,14.573529243469238
17,qk_per_group_g4_coordinate_analytic,4,29120,0.8658653846153846,0.01658653846153846,0.0010302197802197802,0.015556318681318682,0,1.0,0.09876373626373626,0.09876373626373626,0.01064753532409668,0.026642322540283203,0.04259815812110901,0.2570565938949585,0.30771198868751526,0.32941120862960815,23.319252014160156,125.97561645507812,1188.263427734375,301585563648.0,2.5547749996185303,7.648617744445801,11.268805503845215,14.573529243469238
18,k_only_per_group_g16_coordinate_analytic,16,29120,0.8658653846153846,0.018887362637362636,0.001510989010989011,0.017376373626373627,0,1.0,0.07273351648351649,0.07273351648351649,0.016199111938476562,0.05142230540513992,0.0743650421500206,0.17125633358955383,0.19964782893657684,0.2203129529953003,9.990752220153809,60.555511474609375,629.7698364257812,141052.4375,2.9920973777770996,7.138321876525879,10.917153358459473,16.316442489624023
18,k_only_per_group_g8_coordinate_analytic,8,29120,0.8658653846153846,0.017925824175824175,0.0013049450549450549,0.01662087912087912,0,1.0,0.0665521978021978,0.0665521978021978,0.01296854019165039,0.05064587667584419,0.07054631412029266,0.14529351890087128,0.172843337059021,0.18964585661888123,10.402910232543945,63.62839126586914,669.0198364257812,124638494720.0,2.9920973777770996,7.138321876525879,10.917153358459473,16.316442489624023
18,k_only_per_group_g4_coordinate_analytic,4,29120,0.8658653846153846,0.018131868131868133,0.0002747252747252747,0.017857142857142856,0,1.0,0.0564217032967033,0.0564217032967033,0.005393505096435547,0.013872765935957432,0.03090072050690651,0.10468453168869019,0.12111920863389969,0.14135433733463287,19.231460571289062,104.88204193115234,1059.688232421875,89260892160.0,2.9920973777770996,7.138321876525879,10.917153358459473,16.316442489624023
18,k_only_per_vector_coordinate_analytic,0,29120,0.8658653846153846,0.017548076923076923,0.0018543956043956043,0.01569368131868132,0,1.0,0.1784684065934066,0.1784684065934066,0.031409502029418945,0.07237625122070312,0.10531628131866455,0.6166397929191589,0.7331700921058655,0.8176782131195068,19.064285278320312,98.90068817138672,979.6480712890625,559453.5625,2.9920973777770996,7.138321876525879,10.917153358459473,16.316442489624023
18,qk_per_group_g4_coordinate_analytic,4,29120,0.8658653846153846,0.016929945054945054,0.0004807692307692308,0.016449175824175825,0,1.0,0.08842719780219781,0.08842719780219781,0.012062311172485352,0.03108687326312065,0.054146286100149155,0.23377934098243713,0.2811909019947052,0.35347941517829895,19.247066497802734,101.96029663085938,1109.3895263671875,655765.5,2.9920973777770996,7.138321876525879,10.917153358459473,16.316442489624023
19,k_only_per_group_g16_coordinate_analytic,16,29120,0.8658653846153846,0.016483516483516484,0.0008241758241758242,0.01565934065934066,0,1.0,0.0700206043956044,0.0700206043956044,0.015558481216430664,0.044653892517089844,0.08135868608951569,0.20378978550434113,0.2458963394165039,0.27031004428863525,12.761621475219727,72.25204467773438,682.6102294921875,182234.125,3.432101249694824,8.381492614746094,13.166738510131836,17.803043365478516
19,k_only_per_group_g8_coordinate_analytic,8,29120,0.8658653846153846,0.016758241758241758,0.0004807692307692308,0.01627747252747253,0,1.0,0.06318681318681318,0.06318681318681318,0.009150028228759766,0.025800369679927826,0.056410618126392365,0.16382506489753723,0.196459099650383,0.2225147932767868,17.679433822631836,91.17306518554688,1068.6571044921875,139877.3125,3.432101249694824,8.381492614746094,13.166738510131836,17.803043365478516
19,k_only_per_group_g4_coordinate_analytic,4,29120,0.8658653846153846,0.015418956043956045,0.00034340659340659343,0.01507554945054945,0,1.0,0.05525412087912088,0.05525412087912088,0.00525665283203125,0.013586044311523438,0.022873297333717346,0.12625914812088013,0.15047068893909454,0.16384923458099365,23.995668411254883,130.3264617919922,1277.4979248046875,89447088128.0,3.432101249694824,8.381492614746094,13.166738510131836,17.803043365478516
19,k_only_per_vector_coordinate_analytic,0,29120,0.8658653846153846,0.020982142857142855,0.0026098901098901097,0.018372252747252748,0,1.0,0.19168956043956045,0.19168956043956045,0.0477139949798584,0.09769964218139648,0.14205774664878845,0.8200424909591675,1.0030766725540161,1.150072693824768,17.06955909729004,79.9349594116211,686.95068359375,157394.625,3.432101249694824,8.381492614746094,13.166738510131836,17.803043365478516
19,qk_per_group_g4_coordinate_analytic,4,29120,0.8658653846153846,0.01620879120879121,0.0005494505494505495,0.01565934065934066,0,1.0,0.08111263736263737,0.08111263736263737,0.009072303771972656,0.023172473534941673,0.037865325808525085,0.25956103205680847,0.32037413120269775,0.3490361273288727,28.45926284790039,152.96307373046875,1509.1641845703125,299542413312.0,3.432101249694824,8.381492614746094,13.166738510131836,17.803043365478516
20,k_only_per_group_g16_coordinate_analytic,16,29120,0.8658653846153846,0.01936813186813187,0.0010302197802197802,0.01833791208791209,0,1.0,0.09096840659340659,0.09096840659340659,0.013927459716796875,0.03519640117883682,0.053501952439546585,0.19128060340881348,0.2353297919034958,0.26990047097206116,13.514762878417969,72.06885528564453,684.0231323242188,179340705792.0,1.9405713081359863,6.4545369148254395,8.920157432556152,11.34421157836914
20,k_only_per_group_g8_coordinate_analytic,8,29120,0.8658653846153846,0.019230769230769232,0.0008585164835164835,0.018372252747252748,0,1.0,0.08073489010989011,0.08073489010989011,0.010725021362304688,0.02888622134923935,0.04861694201827049,0.15799027681350708,0.19296565651893616,0.21061170101165771,14.527534484863281,78.06148529052734,778.118896484375,172544606208.0,1.9405713081359863,6.4545369148254395,8.920157432556152,11.34421157836914
20,k_only_per_group_g4_coordinate_analytic,4,29120,0.8658653846153846,0.01936813186813187,0.0007898351648351648,0.018578296703296703,0,1.0,0.06881868131868132,0.06881868131868132,0.007796287536621094,0.019614268094301224,0.033021971583366394,0.1199059784412384,0.14774613082408905,0.16306672990322113,15.082697868347168,84.69222259521484,885.4893798828125,156250144768.0,1.9405713081359863,6.4545369148254395,8.920157432556152,11.34421157836914
20,k_only_per_vector_coordinate_analytic,0,29120,0.8658653846153846,0.0228021978021978,0.0017857142857142857,0.021016483516483518,0,1.0,0.21796016483516484,0.21796016483516484,0.03015732765197754,0.07464246451854706,0.10867039859294891,0.5583168864250183,0.705437183380127,0.858649730682373,18.107017517089844,91.14179229736328,950.4063110351562,99415.3203125,1.9405713081359863,6.4545369148254395,8.920157432556152,11.34421157836914
20,qk_per_group_g4_coordinate_analytic,4,29120,0.8658653846153846,0.019642857142857142,0.0012706043956043956,0.018372252747252748,0,1.0,0.10796703296703297,0.10796703296703297,0.011520743370056152,0.029148150235414505,0.047594789415597916,0.24635475873947144,0.2959865629673004,0.3266875147819519,20.8372745513916,111.62540435791016,1061.7896728515625,277335867392.0,1.9405713081359863,6.4545369148254395,8.920157432556152,11.34421157836914
21,k_only_per_group_g16_coordinate_analytic,16,29120,0.8658653846153846,0.015247252747252747,0.0010645604395604395,0.014182692307692308,0,1.0,0.08492445054945055,0.08492445054945055,0.014349937438964844,0.03923850134015083,0.06834903359413147,0.18694348633289337,0.2550837993621826,0.3366442918777466,12.61912727355957,66.83696746826172,666.002685546875,61751.21875,1.86210036277771,6.807015419006348,9.243978500366211,10.817341804504395
21,k_only_per_group_g8_coordinate_analytic,8,29120,0.8658653846153846,0.014835164835164835,0.0006524725274725274,0.014182692307692308,0,1.0,0.07585851648351648,0.07585851648351648,0.01099538803100586,0.02867727167904377,0.04843129217624664,0.1592831015586853,0.20271572470664978,0.24868656694889069,13.987452507019043,75.92585754394531,782.6381225585938,284817.90625,1.86210036277771,6.807015419006348,9.243978500366211,10.817341804504395
21,k_only_per_group_g4_coordinate_analytic,4,29120,0.8658653846153846,0.016449175824175825,0.0006868131868131869,0.015762362637362637,0,1.0,0.0674793956043956,0.0674793956043956,0.009498119354248047,0.023990295827388763,0.04116903617978096,0.12851852178573608,0.1664508730173111,0.20102687180042267,13.07850456237793,70.32366180419922,718.9549560546875,144932.46875,1.86210036277771,6.807015419006348,9.243978500366211,10.817341804504395
21,k_only_per_vector_coordinate_analytic,0,29120,0.8658653846153846,0.01974587912087912,0.0016826923076923078,0.01806318681318681,0,1.0,0.15594093406593407,0.15594093406593407,0.020987987518310547,0.05325717851519585,0.08899737149477005,0.4463183283805847,0.5783699750900269,0.7120779156684875,20.58603858947754,108.43995666503906,1023.8456420898438,82813.359375,1.86210036277771,6.807015419006348,9.243978500366211,10.817341804504395
21,qk_per_group_g4_coordinate_analytic,4,29120,0.8658653846153846,0.018200549450549452,0.0009615384615384616,0.01723901098901099,0,1.0,0.10298763736263736,0.10298763736263736,0.012290358543395996,0.03235306590795517,0.05641623213887215,0.2497600018978119,0.32294005155563354,0.3983311653137207,19.87651824951172,107.15391540527344,1132.1207275390625,224744194048.0,1.86210036277771,6.807015419006348,9.243978500366211,10.817341804504395
22,k_only_per_group_g16_coordinate_analytic,16,29120,0.8658653846153846,0.01462912087912088,0.0009615384615384616,0.013667582417582418,0,1.0,0.07458791208791209,0.07458791208791209,0.009820342063903809,0.024010276421904564,0.04161693528294563,0.11805987358093262,0.17354995012283325,0.20223328471183777,12.1726713180542,63.63573455810547,669.7122802734375,424362.09375,2.457568645477295,3.281890869140625,6.7498393058776855,8.899162292480469
22,k_only_per_group_g8_coordinate_analytic,8,29120,0.8658653846153846,0.01929945054945055,0.0006181318681318681,0.01868131868131868,0,1.0,0.0676510989010989,0.0676510989010989,0.008758246898651123,0.021952031180262566,0.037497587502002716,0.0985972136259079,0.14469586312770844,0.17374569177627563,11.477949142456055,63.26836013793945,634.260009765625,421642.9375,2.457568645477295,3.281890869140625,6.7498393058776855,8.899162292480469
22,k_only_per_group_g4_coordinate_analytic,4,29120,0.8658653846153846,0.017170329670329672,0.0006524725274725274,0.016517857142857143,0,1.0,0.0604739010989011,0.0604739010989011,0.006626486778259277,0.01734616607427597,0.029148157685995102,0.07888244837522507,0.1182805672287941,0.13868248462677002,12.046428680419922,67.8596420288086,724.1109008789062,181530.703125,2.457568645477295,3.281890869140625,6.7498393058776855,8.899162292480469
22,k_only_per_vector_coordinate_analytic,0,29120,0.8658653846153846,0.017822802197802197,0.001201923076923077,0.01662087912087912,0,1.0,0.1240728021978022,0.1240728021978022,0.014005303382873535,0.03372151032090187,0.054768189787864685,0.26373016834259033,0.3502107560634613,0.42084676027297974,18.506057739257812,96.78730010986328,993.4705200195312,134577.28125,2.457568645477295,3.281890869140625,6.7498393058776855,8.899162292480469
22,qk_per_group_g4_coordinate_analytic,4,29120,0.8658653846153846,0.01761675824175824,0.0008585164835164835,0.016758241758241758,0,1.0,0.09083104395604395,0.09083104395604395,0.009341806173324585,0.023936253041028976,0.040675900876522064,0.15722334384918213,0.24456395208835602,0.3018995523452759,17.40377426147461,95.60018157958984,957.2022094726562,271877881856.0,2.457568645477295,3.281890869140625,6.7498393058776855,8.899162292480469
23,k_only_per_group_g16_coordinate_analytic,16,29120,0.8658653846153846,0.022115384615384617,0.0011332417582417583,0.020982142857142855,0,1.0,0.0771978021978022,0.0771978021978022,0.011111855506896973,0.034546561539173126,0.07017341256141663,0.11956790834665298,0.23767143487930298,0.41110578179359436,11.718147277832031,61.312496185302734,593.4548950195312,60373.51953125,3.855163812637329,2.610809326171875,7.0159382820129395,10.601471900939941
23,k_only_per_group_g8_coordinate_analytic,8,29120,0.8658653846153846,0.019917582417582416,0.0011332417582417583,0.01878434065934066,0,1.0,0.0713598901098901,0.0713598901098901,0.009932249784469604,0.029580116271972656,0.05894524231553078,0.10714110732078552,0.20303887128829956,0.33632802963256836,11.74300765991211,65.64798736572266,673.7687377929688,109071777792.0,3.855163812637329,2.610809326171875,7.0159382820129395,10.601471900939941
23,k_only_per_group_g4_coordinate_analytic,4,29120,0.8658653846153846,0.01971153846153846,0.0008585164835164835,0.018853021978021977,0,1.0,0.059375,0.059375,0.006167173385620117,0.015937400981783867,0.029148714616894722,0.07724684476852417,0.13667668402194977,0.22316408157348633,13.924262046813965,75.2712631225586,721.589111328125,304953.8125,3.855163812637329,2.610809326171875,7.0159382820129395,10.601471900939941
23,k_only_per_vector_coordinate_analytic,0,29120,0.8658653846153846,0.019024725274725273,0.0011675824175824176,0.017857142857142856,0,1.0,0.13695054945054946,0.13695054945054946,0.013198912143707275,0.04067720100283623,0.09551125019788742,0.24536973237991333,0.5524632930755615,0.9827435612678528,20.554443359375,110.18943786621094,1169.4407958984375,169804611584.0,3.855163812637329,2.610809326171875,7.0159382820129395,10.601471900939941
23,qk_per_group_g4_coordinate_analytic,4,29120,0.8658653846153846,0.019402472527472528,0.0010302197802197802,0.018372252747252748,0,1.0,0.08997252747252747,0.08997252747252747,0.009093046188354492,0.023819155991077423,0.04291704297065735,0.15542474389076233,0.2784307599067688,0.4435340464115143,19.192211151123047,107.24360656738281,1054.1292724609375,145935745024.0,3.855163812637329,2.610809326171875,7.0159382820129395,10.601471900939941
