layer,strategy,group_size,quantized_side,certificate_type,valid_tiles,actual_sparsity,naive_mismatch_rate,false_drop_rate,false_keep_rate,refinement_rate,certimask_exact_match_rate,certificate_violations,bound_p50,bound_p90,bound_p99,margin_over_bound_p50,margin_over_bound_p90,score_error_p50,score_error_p90,score_error_p99,rho_p50,rho_p90,rho_p99,rho_max,refinement_reduction_vs_baseline,naive_mismatch_reduction_vs_baseline
2,baseline_per_vector_qk_coordinate_analytic,0,qk,analytic,29120,0.8658653846153846,0.025274725274725275,0.006009615384615385,0.01926510989010989,0.4210508241758242,1.0,0,1.6919324398040771,2.278177261352539,2.4584155082702637,1.181919813156128,3.0858049392700195,0.09627151489257812,0.2571386396884918,0.44464927911758423,16.310718536376953,87.4125747680664,902.0970458984375,1134384775168.0,0.0,0.0
2,qk_per_group_g32_coordinate_analytic,32,qk,analytic,29120,0.8658653846153846,0.024210164835164836,0.0057692307692307696,0.018440934065934066,0.36998626373626375,1.0,0,1.5313148498535156,2.033785581588745,2.183845281600952,1.3379801511764526,3.6144046783447266,0.08283138275146484,0.2304891049861908,0.4015491306781769,16.515174865722656,90.34957122802734,822.060302734375,497359.125,0.051064560439560425,0.0010645604395604392
2,qk_per_group_g16_coordinate_analytic,16,qk,analytic,29120,0.8658653846153846,0.02242445054945055,0.004326923076923077,0.018097527472527474,0.23567994505494505,1.0,0,0.9896810054779053,1.279781460762024,1.3763467073440552,2.0752553939819336,6.084019660949707,0.06433296203613281,0.17544569075107574,0.30623874068260193,13.50799560546875,72.58448791503906,738.4307861328125,158673.609375,0.18537087912087913,0.0028502747252747256
2,qk_per_group_g8_coordinate_analytic,8,qk,analytic,29120,0.8658653846153846,0.02135989010989011,0.004086538461538462,0.01727335164835165,0.18155906593406593,1.0,0,0.7440694570541382,1.0175268650054932,1.0937094688415527,2.774669885635376,8.80742073059082,0.04720926284790039,0.14313238859176636,0.2573411762714386,13.19297981262207,70.98570251464844,733.992919921875,1010647891968.0,0.23949175824175825,0.003914835164835165
2,qk_per_group_g4_coordinate_analytic,4,qk,analytic,29120,0.8658653846153846,0.01868131868131868,0.002197802197802198,0.016483516483516484,0.1490728021978022,1.0,0,0.5780226588249207,0.8045448660850525,0.8746886849403381,3.523665428161621,12.413971900939941,0.022518157958984375,0.1225397139787674,0.2117404341697693,19.275081634521484,108.96672058105469,1053.5177001953125,703225856000.0,0.271978021978022,0.006593406593406594
2,k_only_per_vector_coordinate_analytic,0,k_only,analytic,29120,0.8658653846153846,0.024210164835164836,0.005872252747252747,0.01833791208791209,0.403228021978022,1.0,0,1.5693457126617432,2.228532552719116,2.352205276489258,1.2325680255889893,3.3062007427215576,0.07557392120361328,0.2020980417728424,0.3641408681869507,19.99761390686035,104.36898803710938,1017.9190673828125,531576.25,0.01782280219780219,0.0010645604395604392
2,k_only_per_group_g16_coordinate_analytic,16,k_only,analytic,29120,0.8658653846153846,0.020432692307692308,0.004086538461538462,0.016346153846153847,0.13890796703296704,1.0,0,0.5316588878631592,0.6971741914749146,0.7372969388961792,3.846431255340576,11.187653541564941,0.049449920654296875,0.12285137176513672,0.21337555348873138,9.402655601501465,49.02165985107422,488.5111389160156,638633574400.0,0.28214285714285714,0.004842032967032967
2,k_only_per_group_g8_coordinate_analytic,8,k_only,analytic,29120,0.8658653846153846,0.018990384615384614,0.0037431318681318683,0.015247252747252747,0.09927884615384615,1.0,0,0.3480690121650696,0.4518134891986847,0.5154241919517517,5.895047664642334,17.8415584564209,0.03669261932373047,0.09959257394075394,0.17804858088493347,8.175609588623047,39.26079559326172,392.99261474609375,241052.046875,0.32177197802197804,0.006284340659340661
2,k_only_per_group_g4_coordinate_analytic,4,k_only,analytic,29120,0.8658653846153846,0.01771978021978022,0.0020260989010989013,0.01569368131868132,0.08705357142857142,1.0,0,0.2815368175506592,0.3828721046447754,0.43517690896987915,7.147277355194092,23.740381240844727,0.01917266845703125,0.090936079621315,0.1407696008682251,11.588248252868652,67.81249237060547,640.0964965820312,96829.5625,0.3339972527472528,0.007554945054945056
3,baseline_per_vector_qk_coordinate_analytic,0,qk,analytic,29120,0.8658653846153846,0.02287087912087912,0.003228021978021978,0.019642857142857142,0.28197115384615384,1.0,0,0.9817006587982178,1.1369259357452393,1.3852044343948364,1.9392961263656616,5.648662567138672,0.04864215850830078,0.1285351663827896,0.21982774138450623,18.81903839111328,102.8884048461914,1059.8956298828125,548352.125,0.0,0.0
3,qk_per_group_g32_coordinate_analytic,32,qk,analytic,29120,0.8658653846153846,0.01933379120879121,0.002438186813186813,0.016895604395604395,0.21978021978021978,1.0,0,0.705956220626831,0.836373507976532,1.0359489917755127,2.642284870147705,7.281157493591309,0.031290531158447266,0.07780255377292633,0.1274218112230301,22.243114471435547,119.51996612548828,1149.6766357421875,394140.0,0.06219093406593407,0.00353708791208791
3,qk_per_group_g16_coordinate_analytic,16,qk,analytic,29120,0.8658653846153846,0.016929945054945054,0.0015796703296703297,0.015350274725274725,0.16383928571428572,1.0,0,0.49575722217559814,0.5582575798034668,0.7449887990951538,3.8345110416412354,10.54123306274414,0.021856307983398438,0.0565248467028141,0.10047923028469086,21.874286651611328,114.35372924804688,1085.61572265625,580144.125,0.11813186813186813,0.005940934065934066
3,qk_per_group_g8_coordinate_analytic,8,qk,analytic,29120,0.8658653846153846,0.01823489010989011,0.0016483516483516484,0.01658653846153846,0.13392857142857142,1.0,0,0.3941813111305237,0.443042129278183,0.6216951608657837,4.889960765838623,13.601892471313477,0.016435623168945312,0.04827384650707245,0.0935126468539238,22.31441307067871,121.10877990722656,1178.941162109375,158937.375,0.14804258241758242,0.004635989010989008
3,qk_per_group_g4_coordinate_analytic,4,qk,analytic,29120,0.8658653846153846,0.01775412087912088,0.0013736263736263737,0.016380494505494506,0.1128434065934066,1.0,0,0.31440818309783936,0.35794004797935486,0.4961205720901489,6.046395301818848,16.535995483398438,0.013952255249023438,0.04303312301635742,0.08158464729785919,21.487031936645508,120.08847045898438,1316.214599609375,229915836416.0,0.16912774725274726,0.005116758241758241
3,k_only_per_vector_coordinate_analytic,0,k_only,analytic,29120,0.8658653846153846,0.020604395604395604,0.0017513736263736264,0.018853021978021977,0.22664835164835165,1.0,0,0.7016706466674805,0.9754043221473694,1.2256888151168823,2.5598669052124023,8.565390586853027,0.030942648649215698,0.08738287538290024,0.15414434671401978,22.032752990722656,119.12165832519531,1204.9700927734375,123000.7890625,0.055322802197802196,0.0022664835164835154
3,k_only_per_group_g16_coordinate_analytic,16,k_only,analytic,29120,0.8658653846153846,0.015350274725274725,0.0007898351648351648,0.01456043956043956,0.0902815934065934,1.0,0,0.221336230635643,0.2786216139793396,0.35215067863464355,8.348134994506836,23.9121036529541,0.01316976547241211,0.03434703126549721,0.06784319132566452,16.554183959960938,89.73948669433594,804.694091796875,268913.6875,0.19168956043956042,0.007520604395604395
3,k_only_per_group_g8_coordinate_analytic,8,k_only,analytic,29120,0.8658653846153846,0.015796703296703296,0.0006524725274725274,0.01514423076923077,0.07441620879120879,1.0,0,0.16615736484527588,0.19645334780216217,0.2577669620513916,11.241371154785156,31.27886390686035,0.009157180786132812,0.027879714965820312,0.05878766253590584,17.398412704467773,96.93679809570312,1022.4561767578125,189214.75,0.20755494505494504,0.007074175824175823
3,k_only_per_group_g4_coordinate_analytic,4,k_only,analytic,29120,0.8658653846153846,0.01514423076923077,0.00034340659340659343,0.014800824175824175,0.06559065934065934,1.0,0,0.13497865200042725,0.16611596941947937,0.22003379464149475,13.726768493652344,37.581844329833984,0.007194042205810547,0.022599922493100166,0.04970856383442879,18.30927276611328,103.68829345703125,1067.13330078125,116187029504.0,0.21638049450549451,0.00772664835164835
4,baseline_per_vector_qk_coordinate_analytic,0,qk,analytic,29120,0.8658653846153846,0.025789835164835163,0.003502747252747253,0.022287087912087913,0.35120192307692305,1.0,0,1.1152639389038086,1.3091316223144531,1.4809578657150269,1.4371306896209717,3.867117404937744,0.0683736801147461,0.17033757269382477,0.2748884856700897,15.541685104370117,85.60060119628906,831.687255859375,201804.265625,0.0,0.0
4,qk_per_group_g32_coordinate_analytic,32,qk,analytic,29120,0.8658653846153846,0.022184065934065935,0.0034684065934065932,0.01871565934065934,0.24718406593406594,1.0,0,0.7107011079788208,1.020335078239441,1.1745582818984985,2.0770392417907715,6.3353095054626465,0.04420971870422363,0.1118287518620491,0.18524877727031708,16.271081924438477,88.89712524414062,883.93408203125,390806.8125,0.1040178571428571,0.0036057692307692284
4,qk_per_group_g16_coordinate_analytic,16,qk,analytic,29120,0.8658653846153846,0.022287087912087913,0.002815934065934066,0.019471153846153846,0.190521978021978,1.0,0,0.48711252212524414,0.7824555039405823,0.8708932995796204,2.803269386291504,9.743851661682129,0.0363311767578125,0.0922267884016037,0.16166043281555176,14.013992309570312,74.52584838867188,812.4788208007812,112615.90625,0.16067994505494504,0.0035027472527472507
4,qk_per_group_g8_coordinate_analytic,8,qk,analytic,29120,0.8658653846153846,0.021188186813186814,0.0019917582417582416,0.019196428571428573,0.1383585164835165,1.0,0,0.3199872672557831,0.49914905428886414,0.6524897813796997,4.323733806610107,16.361780166625977,0.015413343906402588,0.057645782828330994,0.11755598336458206,20.384422302246094,107.91399383544922,1158.86328125,91328.6484375,0.21284340659340656,0.004601648351648349
4,qk_per_group_g4_coordinate_analytic,4,qk,analytic,29120,0.8658653846153846,0.02036401098901099,0.001820054945054945,0.018543956043956044,0.11555631868131869,1.0,0,0.25155287981033325,0.4077199399471283,0.5398513078689575,5.384557723999023,20.519153594970703,0.01050424575805664,0.054523564875125885,0.10969622433185577,23.211910247802734,136.99688720703125,1403.472412109375,250957791232.0,0.23564560439560436,0.005425824175824174
4,k_only_per_vector_coordinate_analytic,0,k_only,analytic,29120,0.8658653846153846,0.02400412087912088,0.0027815934065934067,0.021222527472527473,0.3051510989010989,1.0,0,1.0068573951721191,1.1965241432189941,1.2552951574325562,1.6461403369903564,4.214814186096191,0.04742187261581421,0.10668697208166122,0.15411776304244995,19.776039123535156,101.69396209716797,1064.9112548828125,1203525255168.0,0.04605082417582412,0.0017857142857142828
4,k_only_per_group_g16_coordinate_analytic,16,k_only,analytic,29120,0.8658653846153846,0.020226648351648353,0.0020604395604395605,0.018166208791208793,0.10398351648351649,1.0,0,0.22726191580295563,0.3373247981071472,0.4091881215572357,6.022566795349121,22.146883010864258,0.026001453399658203,0.06315507739782333,0.0987320989370346,9.1613130569458,46.15361022949219,469.7562255859375,973429.1875,0.24721840659340655,0.005563186813186811
4,k_only_per_group_g8_coordinate_analytic,8,k_only,analytic,29120,0.8658653846153846,0.020054945054945057,0.0012706043956043956,0.01878434065934066,0.08083791208791209,1.0,0,0.15371444821357727,0.22812382876873016,0.2824942469596863,9.258329391479492,34.43309783935547,0.009501084685325623,0.035119153559207916,0.06770365685224533,15.634346008300781,84.92549896240234,857.2208251953125,129906401280.0,0.27036401098901097,0.005734890109890107
4,k_only_per_group_g4_coordinate_analytic,4,k_only,analytic,29120,0.8658653846153846,0.017788461538461538,0.0013049450549450549,0.016483516483516484,0.06981456043956044,1.0,0,0.12019520998001099,0.18268345296382904,0.24402490258216858,11.524275779724121,41.8706169128418,0.007160186767578125,0.03226473182439804,0.06438259780406952,16.614824295043945,93.36878967285156,916.015380859375,122295771136.0,0.28138736263736264,0.008001373626373626
5,baseline_per_vector_qk_coordinate_analytic,0,qk,analytic,29120,0.8658653846153846,0.02956730769230769,0.0057692307692307696,0.023798076923076922,0.4434065934065934,1.0,0,0.9566721320152283,1.1387220621109009,1.2499752044677734,1.1485600471496582,2.9141199588775635,0.05555438995361328,0.13707490265369415,0.2139768898487091,16.60186767578125,87.3731689453125,922.6751098632812,513192.46875,0.0,0.0
5,qk_per_group_g32_coordinate_analytic,32,qk,analytic,29120,0.8658653846153846,0.02245879120879121,0.0029876373626373624,0.019471153846153846,0.2801510989010989,1.0,0,0.5841301679611206,0.7184652090072632,0.8261065483093262,1.8713281154632568,4.632485389709473,0.029842853546142578,0.07433737814426422,0.12461680918931961,19.004283905029297,103.54371643066406,1028.905517578125,620090753024.0,0.16325549450549448,0.0071085164835164825
5,qk_per_group_g16_coordinate_analytic,16,qk,analytic,29120,0.8658653846153846,0.021703296703296703,0.002506868131868132,0.019196428571428573,0.19934752747252749,1.0,0,0.4047531485557556,0.50648432970047,0.5730020403862,2.66940975189209,6.5538811683654785,0.02322864532470703,0.057474710047245026,0.09735222160816193,17.110057830810547,93.44702911376953,958.4252319335938,187877.8125,0.2440590659340659,0.007864010989010989
5,qk_per_group_g8_coordinate_analytic,8,qk,analytic,29120,0.8658653846153846,0.019505494505494506,0.0013049450549450549,0.018200549450549452,0.14615384615384616,1.0,0,0.2805868685245514,0.3543725311756134,0.39717838168144226,3.864973545074463,9.699580192565918,0.012573957443237305,0.03145618364214897,0.051632463932037354,21.692710876464844,116.94750213623047,1221.3408203125,300962316288.0,0.2972527472527472,0.010061813186813186
5,qk_per_group_g4_coordinate_analytic,4,qk,analytic,29120,0.8658653846153846,0.01806318681318681,0.0009958791208791208,0.01706730769230769,0.12029532967032967,1.0,0,0.22310078144073486,0.2854172885417938,0.3206317722797394,4.851566314697266,12.136590957641602,0.009354352951049805,0.024173259735107422,0.039470747113227844,23.324703216552734,122.04368591308594,1257.4794921875,137733.46875,0.3231112637362637,0.01150412087912088
5,k_only_per_vector_coordinate_analytic,0,k_only,analytic,29120,0.8658653846153846,0.02616758241758242,0.004361263736263736,0.02180631868131868,0.3350274725274725,1.0,0,0.6937450170516968,0.8928796648979187,1.0064771175384521,1.5703831911087036,3.984334945678711,0.03498339653015137,0.07768945395946503,0.11910150200128555,19.0457706451416,97.62955474853516,1036.89501953125,614468747264.0,0.10837912087912088,0.003399725274725273
5,k_only_per_group_g16_coordinate_analytic,16,k_only,analytic,29120,0.8658653846153846,0.02184065934065934,0.001407967032967033,0.020432692307692308,0.09742445054945055,1.0,0,0.16165731847286224,0.21705131232738495,0.2515009939670563,6.60467529296875,16.44643783569336,0.011408805847167969,0.03224858641624451,0.062273576855659485,13.946676254272461,75.06195831298828,742.0617065429688,97081.171875,0.34598214285714285,0.007726648351648352
5,k_only_per_group_g8_coordinate_analytic,8,k_only,analytic,29120,0.8658653846153846,0.019230769230769232,0.0008585164835164835,0.018372252747252748,0.08210851648351648,1.0,0,0.12566980719566345,0.15559615194797516,0.18651659786701202,8.583642959594727,22.296274185180664,0.006679058074951172,0.01719684526324272,0.030597414821386337,18.23503875732422,95.10738372802734,921.2540893554688,355739.5625,0.3612980769230769,0.01033653846153846
5,k_only_per_group_g4_coordinate_analytic,4,k_only,analytic,29120,0.8658653846153846,0.017925824175824175,0.0007554945054945055,0.017170329670329672,0.07348901098901099,1.0,0,0.1052825003862381,0.12924540042877197,0.14258083701133728,10.297463417053223,26.688724517822266,0.005003452301025391,0.012491845525801182,0.022144678980112076,20.506004333496094,106.2197494506836,1116.648681640625,98618163200.0,0.3699175824175824,0.011641483516483517
6,baseline_per_vector_qk_coordinate_analytic,0,qk,analytic,29120,0.8658653846153846,0.024210164835164836,0.003228021978021978,0.020982142857142855,0.2679945054945055,1.0,0,0.6114150285720825,0.8403463959693909,0.9860042333602905,1.9952924251556396,6.3524274826049805,0.03307604789733887,0.08670072257518768,0.1458633542060852,17.876785278320312,94.71222686767578,917.5485229492188,597129494528.0,0.0,0.0
6,qk_per_group_g32_coordinate_analytic,32,qk,analytic,29120,0.8658653846153846,0.024141483516483517,0.002300824175824176,0.02184065934065934,0.22218406593406592,1.0,0,0.4478762149810791,0.7697378396987915,0.8923956155776978,2.502596855163574,9.051959991455078,0.026961565017700195,0.08164863288402557,0.14903947710990906,16.51638412475586,88.92771911621094,929.6581420898438,213410.640625,0.045810439560439564,6.868131868131844e-05
6,qk_per_group_g16_coordinate_analytic,16,qk,analytic,29120,0.8658653846153846,0.024107142857142858,0.0016483516483516484,0.02245879120879121,0.15638736263736264,1.0,0,0.31100109219551086,0.5314797759056091,0.6199355125427246,3.6544418334960938,13.031219482421875,0.01977825164794922,0.07064171135425568,0.12841269373893738,15.058870315551758,80.1606674194336,785.7015991210938,197327.59375,0.11160714285714285,0.00010302197802197766
6,qk_per_group_g8_coordinate_analytic,8,qk,analytic,29120,0.8658653846153846,0.02304258241758242,0.0013392857142857143,0.021703296703296703,0.13052884615384616,1.0,0,0.2490420639514923,0.4225800037384033,0.49304527044296265,4.548722267150879,16.060474395751953,0.018312811851501465,0.06522836536169052,0.11782630532979965,13.141016006469727,70.14112091064453,787.2494506835938,232135.109375,0.13746565934065932,0.001167582417582417
6,qk_per_group_g4_coordinate_analytic,4,qk,analytic,29120,0.8658653846153846,0.0176510989010989,0.0007211538461538462,0.016929945054945054,0.09714972527472528,1.0,0,0.1848822981119156,0.2612953782081604,0.30487948656082153,6.760379314422607,20.83733367919922,0.009398937225341797,0.023421619087457657,0.037800293415784836,19.4633846282959,104.67955017089844,1123.0474853515625,191391.859375,0.17084478021978022,0.006559065934065935
6,k_only_per_vector_coordinate_analytic,0,k_only,analytic,29120,0.8658653846153846,0.0196771978021978,0.001407967032967033,0.01826923076923077,0.1862293956043956,1.0,0,0.30617350339889526,0.6935536861419678,0.8093605637550354,3.208082675933838,15.722524642944336,0.013437986373901367,0.050247903913259506,0.08269086480140686,22.3507022857666,127.31132507324219,1310.6773681640625,503976.625,0.08176510989010988,0.004532967032967034
6,k_only_per_group_g16_coordinate_analytic,16,k_only,analytic,29120,0.8658653846153846,0.02383241758241758,0.001098901098901099,0.022733516483516483,0.08372252747252747,1.0,0,0.12305906414985657,0.2333611398935318,0.25654032826423645,8.90498161315918,35.71710968017578,0.012905597686767578,0.04885515943169594,0.08122871816158295,8.849846839904785,50.95270538330078,551.2366943359375,228693.8125,0.18427197802197803,0.0003777472527472549
6,k_only_per_group_g8_coordinate_analytic,8,k_only,analytic,29120,0.8658653846153846,0.02345467032967033,0.0009958791208791208,0.02245879120879121,0.076614010989011,1.0,0,0.10642147809267044,0.2036781758069992,0.2269490510225296,10.26107406616211,40.835384368896484,0.013113856315612793,0.04501466453075409,0.07360105216503143,7.484779357910156,40.153507232666016,415.76995849609375,189656252416.0,0.1913804945054945,0.0007554945054945063
6,k_only_per_group_g4_coordinate_analytic,4,k_only,analytic,29120,0.8658653846153846,0.01720467032967033,0.0004120879120879121,0.016792582417582417,0.06050824175824176,1.0,0,0.08301861584186554,0.11635598540306091,0.13362029194831848,15.199621200561523,47.0908317565918,0.006417751312255859,0.014822006225585938,0.022951899096369743,12.540111541748047,70.4896011352539,731.5138549804688,118101549056.0,0.20748626373626372,0.007005494505494505
7,baseline_per_vector_qk_coordinate_analytic,0,qk,analytic,29120,0.8658653846153846,0.022596153846153846,0.0031593406593406594,0.019436813186813187,0.21377060439560439,1.0,0,1.1791231632232666,1.396682620048523,1.5490003824234009,2.3948559761047363,5.019871711730957,0.06975150108337402,0.1756628304719925,0.2857297956943512,15.983739852905273,86.71205139160156,862.192138671875,1297781.75,0.0,0.0
7,qk_per_group_g32_coordinate_analytic,32,qk,analytic,29120,0.8658653846153846,0.019539835164835165,0.001717032967032967,0.017822802197802197,0.13962912087912088,1.0,0,0.6905778646469116,0.8696878552436829,1.019221305847168,3.9951858520507812,8.453693389892578,0.03777170181274414,0.09509438276290894,0.15616615116596222,18.03770637512207,96.0588150024414,1004.7941284179688,539855.1875,0.0741414835164835,0.003056318681318681
7,qk_per_group_g16_coordinate_analytic,16,qk,analytic,29120,0.8658653846153846,0.017513736263736264,0.0008241758241758242,0.01668956043956044,0.09883241758241758,1.0,0,0.41144412755966187,0.5687817931175232,0.6579815149307251,6.4480180740356445,13.94491958618164,0.018146038055419922,0.048509977757930756,0.08952018618583679,22.812091827392578,122.6283950805664,1119.96337890625,222137.125,0.11493818681318681,0.005082417582417582
7,qk_per_group_g8_coordinate_analytic,8,qk,analytic,29120,0.8658653846153846,0.016483516483516484,0.0006524725274725274,0.015831043956043955,0.0806662087912088,1.0,0,0.30392545461654663,0.41310811042785645,0.4857780933380127,8.883245468139648,18.85207748413086,0.010523319244384766,0.02718181535601616,0.04546229541301727,28.859127044677734,151.1443634033203,1604.9072265625,397575684096.0,0.13310439560439558,0.006112637362637362
7,qk_per_group_g4_coordinate_analytic,4,qk,analytic,29120,0.8658653846153846,0.01569368131868132,0.00030906593406593405,0.015384615384615385,0.07118818681318681,1.0,0,0.24861526489257812,0.3335840106010437,0.3979320526123047,10.928436279296875,23.06363296508789,0.006849050521850586,0.017964458093047142,0.03066260740160942,35.61762237548828,194.34986877441406,1970.4403076171875,197912756224.0,0.14258241758241758,0.006902472527472527
7,k_only_per_vector_coordinate_analytic,0,k_only,analytic,29120,0.8658653846153846,0.02074175824175824,0.001614010989010989,0.019127747252747254,0.14436813186813185,1.0,0,0.7934628129005432,1.087939739227295,1.1851496696472168,3.4883182048797607,7.783936023712158,0.04369616508483887,0.10065755993127823,0.14672355353832245,16.20127296447754,81.61431884765625,863.90625,268905.375,0.06940247252747253,0.0018543956043956047
7,k_only_per_group_g16_coordinate_analytic,16,k_only,analytic,29120,0.8658653846153846,0.01662087912087912,0.0002403846153846154,0.016380494505494506,0.0582760989010989,1.0,0,0.16834919154644012,0.20830553770065308,0.23209667205810547,16.602088928222656,34.65489196777344,0.007875442504882812,0.019525717943906784,0.03166509047150612,20.481487274169922,108.50183868408203,1067.100341796875,207575973888.0,0.1554945054945055,0.005975274725274725
7,k_only_per_group_g8_coordinate_analytic,8,k_only,analytic,29120,0.8658653846153846,0.01624313186813187,0.00017170329670329672,0.01607142857142857,0.0543956043956044,1.0,0,0.13791832327842712,0.17412135004997253,0.20206595957279205,20.07967185974121,42.0164909362793,0.0056304931640625,0.014151763170957565,0.022739099338650703,24.07510757446289,129.78175354003906,1274.5877685546875,142796144640.0,0.159375,0.006353021978021976
7,k_only_per_group_g4_coordinate_analytic,4,k_only,analytic,29120,0.8658653846153846,0.01507554945054945,3.434065934065934e-05,0.015041208791208792,0.05188873626373627,1.0,0,0.11934909224510193,0.15465529263019562,0.1841019243001938,22.9913387298584,48.32477951049805,0.004067897796630859,0.010647963732481003,0.017963791266083717,28.86664581298828,152.4508056640625,1553.54541015625,151956848640.0,0.1618818681318681,0.007520604395604395
9,baseline_per_vector_qk_coordinate_analytic,0,qk,analytic,29120,0.8658653846153846,0.025412087912087912,0.004910714285714286,0.020501373626373626,0.2830357142857143,1.0,0,1.324365258216858,1.6063114404678345,1.7600104808807373,1.823742151260376,5.143064975738525,0.07311534881591797,0.18962006270885468,0.310796856880188,17.003494262695312,89.56940460205078,955.3395385742188,140755.828125,0.0,0.0
9,qk_per_group_g32_coordinate_analytic,32,qk,analytic,29120,0.8658653846153846,0.021531593406593406,0.0032623626373626375,0.01826923076923077,0.2157967032967033,1.0,0,0.9305810928344727,1.3025550842285156,1.5933873653411865,2.543872833251953,6.1395721435546875,0.05425691604614258,0.14121532440185547,0.23286940157413483,17.24423599243164,91.00730895996094,963.0729370117188,101818.78125,0.06723901098901097,0.0038804945054945056
9,qk_per_group_g16_coordinate_analytic,16,qk,analytic,29120,0.8658653846153846,0.020673076923076922,0.0033653846153846156,0.01730769230769231,0.16857829670329672,1.0,0,0.6578680872917175,1.0391907691955566,1.2953637838363647,3.4855566024780273,8.291402816772461,0.04822850227355957,0.12379460036754608,0.2029763162136078,14.404580116271973,80.9412612915039,714.347900390625,127371.8125,0.11445741758241756,0.0047390109890109895
9,qk_per_group_g8_coordinate_analytic,8,qk,analytic,29120,0.8658653846153846,0.01971153846153846,0.002232142857142857,0.017479395604395605,0.13317307692307692,1.0,0,0.47162169218063354,0.7466920614242554,0.9341057538986206,4.880539894104004,12.013673782348633,0.03309202194213867,0.08864611387252808,0.15526726841926575,14.727690696716309,78.39106750488281,785.302978515625,208557.390625,0.14986263736263736,0.005700549450549451
9,qk_per_group_g4_coordinate_analytic,4,qk,analytic,29120,0.8658653846153846,0.018440934065934066,0.0014766483516483516,0.016964285714285713,0.10075549450549451,1.0,0,0.29995864629745483,0.5603596568107605,0.7255957126617432,7.252745628356934,17.962825775146484,0.015949249267578125,0.048958394676446915,0.11337228119373322,19.897180557250977,107.3516616821289,1222.60888671875,328219754496.0,0.18228021978021977,0.006971153846153846
9,k_only_per_vector_coordinate_analytic,0,k_only,analytic,29120,0.8658653846153846,0.020947802197802196,0.0026785714285714286,0.01826923076923077,0.21497252747252749,1.0,0,0.9540218710899353,1.260863184928894,1.4302312135696411,2.5054054260253906,7.644877910614014,0.037706613540649414,0.10547137260437012,0.17184579372406006,23.48773193359375,115.95713806152344,1100.4967041015625,1381782913024.0,0.0680631868131868,0.004464285714285716
9,k_only_per_group_g16_coordinate_analytic,16,k_only,analytic,29120,0.8658653846153846,0.018166208791208793,0.0020604395604395605,0.01610576923076923,0.08028846153846154,1.0,0,0.24294070899486542,0.2969358563423157,0.3501160144805908,9.626176834106445,28.166940689086914,0.029191970825195312,0.06747221946716309,0.1030915305018425,8.175158500671387,43.837196350097656,459.0033874511719,180243.21875,0.20274725274725275,0.007245879120879119
9,k_only_per_group_g8_coordinate_analytic,8,k_only,analytic,29120,0.8658653846153846,0.01871565934065934,0.0014423076923076924,0.01727335164835165,0.0698489010989011,1.0,0,0.19262287020683289,0.24670341610908508,0.2941046357154846,12.24825668334961,32.65132522583008,0.018868446350097656,0.05148429796099663,0.07828667759895325,10.00596809387207,62.38348388671875,625.0150146484375,225433141248.0,0.21318681318681318,0.006696428571428572
9,k_only_per_group_g4_coordinate_analytic,4,k_only,analytic,29120,0.8658653846153846,0.017445054945054946,0.0008241758241758242,0.01662087912087912,0.06153846153846154,1.0,0,0.137334942817688,0.22301308810710907,0.260520339012146,16.333873748779297,41.169715881347656,0.008868217468261719,0.028407476842403412,0.06218840181827545,15.951217651367188,87.81934356689453,990.104736328125,217377030144.0,0.22149725274725274,0.007967032967032966
10,baseline_per_vector_qk_coordinate_analytic,0,qk,analytic,29120,0.8658653846153846,0.029532967032967032,0.0052197802197802195,0.024313186813186814,0.3483173076923077,1.0,0,1.0864648818969727,1.3271307945251465,1.4627907276153564,1.5201494693756104,3.9875802993774414,0.06299865245819092,0.16021651029586792,0.2520504295825958,16.488975524902344,87.17926788330078,843.3751831054688,855157.75,0.0,0.0
10,qk_per_group_g32_coordinate_analytic,32,qk,analytic,29120,0.8658653846153846,0.022561813186813186,0.0030563186813186813,0.019505494505494506,0.24326923076923077,1.0,0,0.7056820392608643,0.8336572051048279,0.9311748147010803,2.3163673877716064,6.335743427276611,0.03667402267456055,0.09411782026290894,0.153954416513443,18.4398193359375,97.23648071289062,965.75927734375,107300.921875,0.10504807692307691,0.006971153846153846
10,qk_per_group_g16_coordinate_analytic,16,qk,analytic,29120,0.8658653846153846,0.021085164835164837,0.0026442307692307694,0.018440934065934066,0.18835851648351648,1.0,0,0.5078006982803345,0.6056709289550781,0.7021564841270447,3.1728715896606445,8.868501663208008,0.029914379119873047,0.07545290142297745,0.12622998654842377,16.4744873046875,88.56668090820312,890.4267578125,224517.6875,0.1599587912087912,0.008447802197802196
10,qk_per_group_g8_coordinate_analytic,8,qk,analytic,29120,0.8658653846153846,0.017788461538461538,0.0016483516483516484,0.016140109890109892,0.14241071428571428,1.0,0,0.35341382026672363,0.4334524869918823,0.500751793384552,4.4700117111206055,12.42548942565918,0.016918182373046875,0.04545707255601883,0.08157049119472504,20.718421936035156,110.76614379882812,1067.935302734375,935916.75,0.2059065934065934,0.011744505494505494
10,qk_per_group_g4_coordinate_analytic,4,qk,analytic,29120,0.8658653846153846,0.018887362637362636,0.0007898351648351648,0.018097527472527474,0.1117445054945055,1.0,0,0.2585538625717163,0.32964596152305603,0.36338937282562256,6.263207912445068,16.21377944946289,0.010824084281921387,0.028326891362667084,0.04826992377638817,23.782129287719727,127.72827911376953,1335.9427490234375,680846.6875,0.2365728021978022,0.010645604395604396
10,k_only_per_vector_coordinate_analytic,0,k_only,analytic,29120,0.8658653846153846,0.02489697802197802,0.0026442307692307694,0.022252747252747253,0.25333104395604394,1.0,0,0.7655842304229736,0.9452826380729675,1.033364176750183,2.1948537826538086,5.644527912139893,0.039403676986694336,0.09132837504148483,0.13496102392673492,18.348529815673828,90.5324935913086,915.04296875,92343.875,0.09498626373626373,0.004635989010989012
10,k_only_per_group_g16_coordinate_analytic,16,k_only,analytic,29120,0.8658653846153846,0.019059065934065936,0.001614010989010989,0.017445054945054946,0.09601648351648352,1.0,0,0.20106498897075653,0.2430785447359085,0.2778952419757843,8.229907989501953,21.90481185913086,0.01703023910522461,0.044319771230220795,0.07314606755971909,11.357847213745117,59.758514404296875,588.784912109375,269215.96875,0.25230082417582417,0.010473901098901096
10,k_only_per_group_g8_coordinate_analytic,8,k_only,analytic,29120,0.8658653846153846,0.015281593406593406,0.001201923076923077,0.01407967032967033,0.08155906593406594,1.0,0,0.1554166078567505,0.18840235471725464,0.21016478538513184,10.620044708251953,27.630626678466797,0.010092973709106445,0.029536914080381393,0.05290814861655235,15.128395080566406,82.69076538085938,799.275390625,292927.375,0.26675824175824175,0.014251373626373626
10,k_only_per_group_g4_coordinate_analytic,4,k_only,analytic,29120,0.8658653846153846,0.018543956043956044,0.0005837912087912088,0.017960164835164834,0.07074175824175824,1.0,0,0.12458617985248566,0.15912307798862457,0.1738514006137848,13.566563606262207,33.34600067138672,0.007413387298583984,0.019168280065059662,0.0317893885076046,16.54291534423828,92.02889251708984,905.8446044921875,95347277824.0,0.2775755494505494,0.010989010989010988
11,baseline_per_vector_qk_coordinate_analytic,0,qk,analytic,29120,0.8658653846153846,0.021222527472527473,0.0031593406593406594,0.01806318681318681,0.22417582417582418,1.0,0,1.0297808647155762,1.763994574546814,2.1293108463287354,2.4433674812316895,5.515776634216309,0.05562269687652588,0.15115536749362946,0.2799926698207855,19.55270004272461,104.4085693359375,1066.9656982421875,159966.984375,0.0,0.0
11,qk_per_group_g32_coordinate_analytic,32,qk,analytic,29120,0.8658653846153846,0.020260989010989012,0.0022664835164835167,0.017994505494505493,0.1683379120879121,1.0,0,0.732395350933075,1.0735806226730347,1.3267850875854492,3.550227165222168,8.38089656829834,0.03715324401855469,0.10203180462121964,0.18423956632614136,19.91879653930664,107.36875915527344,1028.66552734375,121475.2109375,0.055837912087912084,0.0009615384615384616
11,qk_per_group_g16_coordinate_analytic,16,qk,analytic,29120,0.8658653846153846,0.019196428571428573,0.0015796703296703297,0.01761675824175824,0.1311813186813187,1.0,0,0.5336564779281616,0.8459346294403076,1.0551050901412964,4.8428192138671875,11.019482612609863,0.030451536178588867,0.08821219205856323,0.16327115893363953,17.752281188964844,97.46151733398438,1006.0675048828125,1119755.875,0.0929945054945055,0.002026098901098901
11,qk_per_group_g8_coordinate_analytic,8,qk,analytic,29120,0.8658653846153846,0.01730769230769231,0.0009615384615384616,0.016346153846153847,0.10710851648351648,1.0,0,0.4024563729763031,0.6429714560508728,0.7841861248016357,6.404132843017578,14.62301254272461,0.02041339874267578,0.05880260095000267,0.11400741338729858,20.117145538330078,108.95182037353516,1145.21923828125,509659840512.0,0.1170673076923077,0.003914835164835165
11,qk_per_group_g4_coordinate_analytic,4,qk,analytic,29120,0.8658653846153846,0.016964285714285713,0.0006524725274725274,0.016311813186813188,0.0898695054945055,1.0,0,0.3123668134212494,0.4784541130065918,0.5714085698127747,8.352899551391602,19.32421112060547,0.013780593872070312,0.037991806864738464,0.0712367370724678,23.051578521728516,126.17068481445312,1260.4505615234375,818896.5,0.1343063186813187,0.0042582417582417605
11,k_only_per_vector_coordinate_analytic,0,k_only,analytic,29120,0.8658653846153846,0.016929945054945054,0.0013049450549450549,0.015625,0.1534684065934066,1.0,0,0.6593562960624695,0.9594815969467163,1.1754016876220703,3.9171833992004395,9.334503173828125,0.018898487091064453,0.05325450748205185,0.08443812280893326,36.510013580322266,208.420166015625,2111.498291015625,690625642496.0,0.07070741758241758,0.00429258241758242
11,k_only_per_group_g16_coordinate_analytic,16,k_only,analytic,29120,0.8658653846153846,0.018131868131868133,0.0006524725274725274,0.017479395604395605,0.06476648351648352,1.0,0,0.18283087015151978,0.256491094827652,0.29591450095176697,14.653075218200684,34.73560333251953,0.011259198188781738,0.02819838374853134,0.05563287436962128,16.624114990234375,86.33786010742188,812.7268676757812,224172392448.0,0.15940934065934065,0.00309065934065934
11,k_only_per_group_g8_coordinate_analytic,8,k_only,analytic,29120,0.8658653846153846,0.018166208791208793,0.0004464285714285714,0.01771978021978022,0.06167582417582418,1.0,0,0.1629108190536499,0.23573818802833557,0.2794967591762543,16.545833587646484,38.7274169921875,0.008368968963623047,0.02204723283648491,0.03710663318634033,19.787925720214844,108.76531982421875,1123.688720703125,132247601152.0,0.1625,0.003056318681318681
11,k_only_per_group_g4_coordinate_analytic,4,k_only,analytic,29120,0.8658653846153846,0.016380494505494506,0.00020604395604395604,0.01617445054945055,0.057348901098901096,1.0,0,0.13961350917816162,0.20455484092235565,0.24401599168777466,19.106914520263672,44.448909759521484,0.006034135818481445,0.01640911027789116,0.027414172887802124,23.93703842163086,130.62100219726562,1233.85107421875,179709886464.0,0.1668269230769231,0.004842032967032967
13,baseline_per_vector_qk_coordinate_analytic,0,qk,analytic,29120,0.8658653846153846,0.020913461538461537,0.0023695054945054943,0.018543956043956044,0.2251717032967033,1.0,0,1.0193908214569092,1.2462795972824097,1.3862227201461792,2.377178192138672,5.4902825355529785,0.053820013999938965,0.1354580819606781,0.21688316762447357,18.612384796142578,99.16297149658203,976.1630249023438,2679410.75,0.0,0.0
13,qk_per_group_g32_coordinate_analytic,32,qk,analytic,29120,0.8658653846153846,0.0196771978021978,0.001407967032967033,0.01826923076923077,0.15892857142857142,1.0,0,0.7124912738800049,0.8450185656547546,0.9356988072395325,3.461103916168213,7.843875408172607,0.03633701801300049,0.09203353524208069,0.152084618806839,18.90302085876465,97.70295715332031,981.8765258789062,845753.1875,0.06624313186813188,0.0012362637362637353
13,qk_per_group_g16_coordinate_analytic,16,qk,analytic,29120,0.8658653846153846,0.019539835164835165,0.0013049450549450549,0.01823489010989011,0.1255837912087912,1.0,0,0.546498715877533,0.6479642391204834,0.7218695878982544,4.528397560119629,10.196515083312988,0.031098246574401855,0.0787205919623375,0.13081248104572296,16.96511459350586,89.25653076171875,928.9329223632812,94400.21875,0.0995879120879121,0.0013736263736263722
13,qk_per_group_g8_coordinate_analytic,8,qk,analytic,29120,0.8658653846153846,0.018887362637362636,0.0009271978021978022,0.017960164835164834,0.09996565934065935,1.0,0,0.40588319301605225,0.488154798746109,0.5580528974533081,6.150146484375,13.720765113830566,0.020367443561553955,0.05196768045425415,0.08735859394073486,19.102651596069336,102.17066955566406,1038.245361328125,453005.21875,0.12520604395604396,0.002026098901098901
13,qk_per_group_g4_coordinate_analytic,4,qk,analytic,29120,0.8658653846153846,0.01833791208791209,0.0005494505494505495,0.017788461538461538,0.08296703296703296,1.0,0,0.3133525848388672,0.38626009225845337,0.4489557445049286,7.955041408538818,17.80674171447754,0.013088226318359375,0.03565375506877899,0.0674336776137352,22.90595054626465,124.75397491455078,1305.1727294921875,612292.3125,0.14220467032967032,0.0025755494505494483
13,k_only_per_vector_coordinate_analytic,0,k_only,analytic,29120,0.8658653846153846,0.015968406593406592,0.001407967032967033,0.01456043956043956,0.11943681318681319,1.0,0,0.4993950426578522,0.6369588375091553,0.729185163974762,4.8326921463012695,11.168801307678223,0.025119870901107788,0.06255253404378891,0.09577055275440216,18.885364532470703,96.88064575195312,953.1866455078125,232237.4375,0.10573489010989011,0.004945054945054945
13,k_only_per_group_g16_coordinate_analytic,16,k_only,analytic,29120,0.8658653846153846,0.018543956043956044,0.0007554945054945055,0.017788461538461538,0.06304945054945055,1.0,0,0.19569145143032074,0.24084129929542542,0.26792535185813904,12.757928848266602,28.76144027709961,0.0162784606218338,0.04179560765624046,0.06484907865524292,11.60788345336914,65.71492767333984,648.6778564453125,453854.71875,0.16212225274725275,0.002369505494505493
13,k_only_per_group_g8_coordinate_analytic,8,k_only,analytic,29120,0.8658653846153846,0.01871565934065934,0.0004464285714285714,0.01826923076923077,0.05872252747252747,1.0,0,0.16847845911979675,0.20746482908725739,0.2410450130701065,14.720318794250488,33.38490676879883,0.009385347366333008,0.024823473766446114,0.04270230233669281,17.14261245727539,92.38451385498047,907.0537719726562,194093072384.0,0.16644917582417584,0.002197802197802197
13,k_only_per_group_g4_coordinate_analytic,4,k_only,analytic,29120,0.8658653846153846,0.019505494505494506,0.0004120879120879121,0.019093406593406595,0.05473901098901099,1.0,0,0.1431184560060501,0.17970876395702362,0.20796740055084229,17.28666114807129,39.39918899536133,0.0071370601654052734,0.0186186321079731,0.03765460476279259,19.40043067932129,98.23670196533203,936.2406616210938,134050070528.0,0.1704326923076923,0.0014079670329670314
14,baseline_per_vector_qk_coordinate_analytic,0,qk,analytic,29120,0.8658653846153846,0.021737637362637362,0.0029876373626373624,0.01875,0.24031593406593407,1.0,0,0.9635108709335327,1.1736764907836914,1.29808509349823,2.207897663116455,4.707376480102539,0.05045652389526367,0.13083647191524506,0.21497246623039246,18.53696632385254,99.50613403320312,824.3300170898438,216696.125,0.0,0.0
14,qk_per_group_g32_coordinate_analytic,32,qk,analytic,29120,0.8658653846153846,0.020879120879120878,0.0019574175824175824,0.018921703296703295,0.16723901098901098,1.0,0,0.6337398290634155,0.7652634382247925,0.8532608151435852,3.387086868286133,7.222006320953369,0.03094029426574707,0.07801317423582077,0.12621347606182098,19.73786163330078,104.60018157958984,1040.19775390625,1135827.25,0.0730769230769231,0.0008585164835164839
14,qk_per_group_g16_coordinate_analytic,16,qk,analytic,29120,0.8658653846153846,0.01981456043956044,0.0013392857142857143,0.018475274725274726,0.1337912087912088,1.0,0,0.4745240807533264,0.5628261566162109,0.6641879081726074,4.477707862854004,9.706489562988281,0.024509072303771973,0.060778141021728516,0.09902197122573853,18.923351287841797,104.66144561767578,1072.0142822265625,247009.65625,0.10652472527472528,0.0019230769230769232
14,qk_per_group_g8_coordinate_analytic,8,qk,analytic,29120,0.8658653846153846,0.019471153846153846,0.0008585164835164835,0.018612637362637362,0.10291895604395604,1.0,0,0.3419490158557892,0.4108572006225586,0.4604187309741974,6.320761680603027,13.544090270996094,0.015271186828613281,0.0393097847700119,0.06559918075799942,21.73968505859375,113.55915069580078,1153.6229248046875,441942.65625,0.13739697802197803,0.0022664835164835154
14,qk_per_group_g4_coordinate_analytic,4,qk,analytic,29120,0.8658653846153846,0.019574175824175824,0.0006524725274725274,0.018921703296703295,0.0875,1.0,0,0.26998400688171387,0.32039111852645874,0.3650217056274414,7.9577836990356445,17.0197811126709,0.01152503490447998,0.03134350851178169,0.05698172748088837,22.867490768432617,122.38721466064453,1251.3275146484375,302126268416.0,0.15281593406593408,0.0021634615384615377
14,k_only_per_vector_coordinate_analytic,0,k_only,analytic,29120,0.8658653846153846,0.018818681318681318,0.0018887362637362637,0.016929945054945054,0.1637706043956044,1.0,0,0.6255403757095337,0.8757835030555725,0.9743126034736633,3.3732175827026367,7.372085094451904,0.0291367769241333,0.07599087059497833,0.12175559997558594,20.157207489013672,112.49969482421875,1113.8087158203125,235485.359375,0.07654532967032968,0.002918956043956044
14,k_only_per_group_g16_coordinate_analytic,16,k_only,analytic,29120,0.8658653846153846,0.019883241758241757,0.0007898351648351648,0.019093406593406595,0.0733173076923077,1.0,0,0.2028276026248932,0.2599281668663025,0.29801705479621887,10.735062599182129,23.29924964904785,0.014565467834472656,0.03713063895702362,0.05698557570576668,13.40872859954834,69.58667755126953,672.5226440429688,90572.8046875,0.1669986263736264,0.0018543956043956047
14,k_only_per_group_g8_coordinate_analytic,8,k_only,analytic,29120,0.8658653846153846,0.018200549450549452,0.0005151098901098901,0.01768543956043956,0.0648695054945055,1.0,0,0.16025924682617188,0.20417572557926178,0.23454149067401886,13.443552017211914,29.05175018310547,0.009614944458007812,0.02711852639913559,0.04088875278830528,16.364505767822266,95.0239486694336,887.6196899414062,457096.90625,0.17544642857142856,0.00353708791208791
14,k_only_per_group_g4_coordinate_analytic,4,k_only,analytic,29120,0.8658653846153846,0.01864697802197802,0.00030906593406593405,0.01833791208791209,0.05710851648351648,1.0,0,0.12850089371204376,0.1531989872455597,0.16705425083637238,16.99673080444336,36.18852615356445,0.007459402084350586,0.021381281316280365,0.034944914281368256,16.845439910888672,90.48641204833984,870.881591796875,141785104384.0,0.1832074175824176,0.00309065934065934
15,baseline_per_vector_qk_coordinate_analytic,0,qk,analytic,29120,0.8658653846153846,0.021462912087912088,0.003125,0.01833791208791209,0.22249313186813185,1.0,0,0.9178136587142944,1.3485904932022095,1.754798173904419,2.397742986679077,5.417649269104004,0.05656790733337402,0.14654287695884705,0.2552131712436676,16.859905242919922,90.25495910644531,780.3157958984375,122569.3984375,0.0,0.0
15,qk_per_group_g32_coordinate_analytic,32,qk,analytic,29120,0.8658653846153846,0.020467032967032967,0.0014766483516483516,0.018990384615384614,0.15,1.0,0,0.5747089385986328,0.874592125415802,1.1030638217926025,3.8699283599853516,8.547555923461914,0.030924677848815918,0.08271999657154083,0.1511741280555725,19.178510665893555,104.31250762939453,1033.0179443359375,302050.0625,0.07249313186813186,0.0009958791208791208
15,qk_per_group_g16_coordinate_analytic,16,qk,analytic,29120,0.8658653846153846,0.019024725274725273,0.0011675824175824176,0.017857142857142856,0.1207760989010989,1.0,0,0.43056124448776245,0.6223829984664917,0.8026902675628662,5.280873775482178,11.743330955505371,0.023922204971313477,0.0648399367928505,0.11588780581951141,18.39597511291504,101.12622833251953,1001.0376586914062,569614.6875,0.10171703296703295,0.002438186813186815
15,qk_per_group_g8_coordinate_analytic,8,qk,analytic,29120,0.8658653846153846,0.017410714285714286,0.0007211538461538462,0.01668956043956044,0.10319368131868131,1.0,0,0.3383200764656067,0.4856567084789276,0.6381282806396484,6.730661392211914,14.938945770263672,0.01710224151611328,0.044976089149713516,0.07503705471754074,20.473342895507812,110.13492584228516,1058.32958984375,203530.96875,0.11929945054945054,0.004052197802197802
15,qk_per_group_g4_coordinate_analytic,4,qk,analytic,29120,0.8658653846153846,0.0167239010989011,0.0006181318681318681,0.01610576923076923,0.08708791208791208,1.0,0,0.26471269130706787,0.3711874186992645,0.4854990243911743,8.65375804901123,19.435482025146484,0.011860847473144531,0.03180842101573944,0.06081485003232956,22.90032958984375,125.20877838134766,1288.1845703125,159090.796875,0.13540521978021977,0.0047390109890109895
15,k_only_per_vector_coordinate_analytic,0,k_only,analytic,29120,0.8658653846153846,0.020501373626373626,0.0019574175824175824,0.018543956043956044,0.15230082417582416,1.0,0,0.6072772145271301,0.9683597683906555,1.2482982873916626,3.6837663650512695,8.146380424499512,0.03477787971496582,0.08551468700170517,0.14632748067378998,16.802501678466797,80.8781967163086,794.3934326171875,125873.578125,0.07019230769230769,0.0009615384615384616
15,k_only_per_group_g16_coordinate_analytic,16,k_only,analytic,29120,0.8658653846153846,0.018956043956043955,0.0005837912087912088,0.018372252747252748,0.06844093406593407,1.0,0,0.17808905243873596,0.26541557908058167,0.3203856945037842,12.76865291595459,28.31463623046875,0.013637781143188477,0.03919529542326927,0.07883845269680023,13.042951583862305,68.03304290771484,621.126708984375,202125.984375,0.15405219780219778,0.0025068681318681334
15,k_only_per_group_g8_coordinate_analytic,8,k_only,analytic,29120,0.8658653846153846,0.016826923076923076,0.00037774725274725276,0.016449175824175825,0.0625,1.0,0,0.146479532122612,0.22501446306705475,0.2721235156059265,15.399948120117188,34.24628829956055,0.009787559509277344,0.027169108390808105,0.04587172716856003,15.399860382080078,82.9131088256836,877.4197387695312,165710.921875,0.15999313186813185,0.004635989010989012
15,k_only_per_group_g4_coordinate_analytic,4,k_only,analytic,29120,0.8658653846153846,0.01607142857142857,0.0002747252747252747,0.015796703296703296,0.05580357142857143,1.0,0,0.12174375355243683,0.17670676112174988,0.21862001717090607,18.932342529296875,42.119110107421875,0.006239891052246094,0.018944822251796722,0.03948340192437172,20.22580337524414,107.82768249511719,1104.907470703125,264624.03125,0.16668956043956043,0.005391483516483518
16,baseline_per_vector_qk_coordinate_analytic,0,qk,analytic,29120,0.8658653846153846,0.02135989010989011,0.0023695054945054943,0.018990384615384614,0.2130837912087912,1.0,0,1.415951132774353,2.001009464263916,2.5278775691986084,2.485771417617798,5.70849084854126,0.06607604026794434,0.185812845826149,0.3363766074180603,20.190540313720703,108.1104507446289,1004.4252319335938,420424.375,0.0,0.0
16,qk_per_group_g32_coordinate_analytic,32,qk,analytic,29120,0.8658653846153846,0.018509615384615385,0.0015796703296703297,0.016929945054945054,0.15336538461538463,1.0,0,0.9632226228713989,1.3262979984283447,1.706437110900879,3.6250650882720947,8.290480613708496,0.04740738868713379,0.12750911712646484,0.2244419902563095,19.38994026184082,102.76240539550781,1106.84912109375,270901.53125,0.059718406593406576,0.0028502747252747256
16,qk_per_group_g16_coordinate_analytic,16,qk,analytic,29120,0.8658653846153846,0.017822802197802197,0.0011675824175824176,0.01665521978021978,0.12448489010989011,1.0,0,0.74774169921875,1.0283821821212769,1.31690514087677,4.663623809814453,10.673727989196777,0.040233612060546875,0.1081535816192627,0.19573044776916504,17.817453384399414,93.9175796508789,937.279052734375,1608246.5,0.08859890109890109,0.0035370879120879134
16,qk_per_group_g8_coordinate_analytic,8,qk,analytic,29120,0.8658653846153846,0.018166208791208793,0.001098901098901099,0.01706730769230769,0.10116758241758242,1.0,0,0.5622486472129822,0.7948299646377563,1.03029203414917,6.167840003967285,14.119733810424805,0.028579235076904297,0.08236201107501984,0.15720921754837036,18.641189575195312,97.28424835205078,906.0331420898438,860051.0625,0.11191620879120878,0.0031936813186813177
16,qk_per_group_g4_coordinate_analytic,4,qk,analytic,29120,0.8658653846153846,0.016346153846153847,0.0007898351648351648,0.015556318681318682,0.08598901098901099,1.0,0,0.44338077306747437,0.6218559741973877,0.7993555665016174,7.794401168823242,18.044898986816406,0.021561145782470703,0.05917338654398918,0.10698781162500381,19.628189086914062,104.42225646972656,1062.8846435546875,427828.40625,0.1270947802197802,0.005013736263736263
16,k_only_per_vector_coordinate_analytic,0,k_only,analytic,29120,0.8658653846153846,0.019162087912087913,0.0007211538461538462,0.018440934065934066,0.11109203296703296,1.0,0,0.6531835794448853,0.9129912853240967,1.1352877616882324,5.414849758148193,12.429232597351074,0.022725582122802734,0.06686638295650482,0.12627927958965302,26.907625198364258,149.4883270263672,1641.817138671875,433486.0625,0.10199175824175824,0.002197802197802197
16,k_only_per_group_g16_coordinate_analytic,16,k_only,analytic,29120,0.8658653846153846,0.017342032967032968,0.0006524725274725274,0.01668956043956044,0.06078296703296703,1.0,0,0.24142670631408691,0.35471078753471375,0.4317781627178192,14.277070999145508,33.29171371459961,0.015027523040771484,0.04465703293681145,0.08541010320186615,15.441082000732422,85.21939849853516,915.27978515625,134795296768.0,0.15230082417582416,0.0040178571428571425
16,k_only_per_group_g8_coordinate_analytic,8,k_only,analytic,29120,0.8658653846153846,0.017891483516483515,0.00037774725274725276,0.017513736263736264,0.05789835164835165,1.0,0,0.2144506275653839,0.31625038385391235,0.3835817277431488,16.02086639404297,37.149417877197266,0.01345670223236084,0.0388757698237896,0.08010737597942352,15.173656463623047,78.49884033203125,850.5111694335938,89620.84375,0.15518543956043956,0.003468406593406595
16,k_only_per_group_g4_coordinate_analytic,4,k_only,analytic,29120,0.8658653846153846,0.014457417582417583,0.0002403846153846154,0.014217032967032967,0.054017857142857145,1.0,0,0.18746736645698547,0.2716265022754669,0.33574366569519043,18.32610511779785,42.41781234741211,0.009502649307250977,0.025083253160119057,0.045472417026758194,18.98554039001465,99.80828857421875,975.7799072265625,389437849600.0,0.15906593406593406,0.006902472527472527
17,baseline_per_vector_qk_coordinate_analytic,0,qk,analytic,29120,0.8658653846153846,0.0229739010989011,0.003331043956043956,0.019642857142857142,0.2470467032967033,1.0,0,0.8241480588912964,1.0889580249786377,1.1495481729507446,2.1242127418518066,4.526226043701172,0.04653739929199219,0.11543769389390945,0.1866748332977295,17.53390121459961,94.28556060791016,951.9176635742188,99849.09375,0.0,0.0
17,qk_per_group_g32_coordinate_analytic,32,qk,analytic,29120,0.8658653846153846,0.01878434065934066,0.0019917582417582416,0.016792582417582417,0.17819368131868132,1.0,0,0.5429129600524902,0.7182416915893555,0.7956098318099976,3.219547748565674,6.786944389343262,0.025429487228393555,0.0663209855556488,0.11488901823759079,21.085025787353516,112.8972396850586,1052.3172607421875,794873.0,0.06885302197802198,0.004189560439560442
17,qk_per_group_g16_coordinate_analytic,16,qk,analytic,29120,0.8658653846153846,0.01830357142857143,0.001717032967032967,0.01658653846153846,0.14144917582417582,1.0,0,0.4067592918872833,0.5150786638259888,0.5707594156265259,4.359160900115967,9.301392555236816,0.02060222625732422,0.053386785089969635,0.09061374515295029,19.300628662109375,103.92913818359375,960.044189453125,114703.34375,0.10559752747252749,0.004670329670329671
17,qk_per_group_g8_coordinate_analytic,8,qk,analytic,29120,0.8658653846153846,0.016964285714285713,0.0014766483516483516,0.015487637362637363,0.11600274725274726,1.0,0,0.32088905572891235,0.3892168700695038,0.4163726270198822,5.57775354385376,11.877655029296875,0.014417409896850586,0.03591175004839897,0.05784180387854576,21.62721824645996,115.54882049560547,1188.2542724609375,330685.46875,0.13104395604395605,0.0060096153846153876
17,qk_per_group_g4_coordinate_analytic,4,qk,analytic,29120,0.8658653846153846,0.01658653846153846,0.0010302197802197802,0.015556318681318682,0.09876373626373626,1.0,0,0.2570565938949585,0.30771198868751526,0.32941120862960815,6.943023681640625,15.035966873168945,0.01064753532409668,0.026642322540283203,0.04259815812110901,23.319252014160156,125.97561645507812,1188.263427734375,301585563648.0,0.14828296703296706,0.006387362637362639
17,k_only_per_vector_coordinate_analytic,0,k_only,analytic,29120,0.8658653846153846,0.019127747252747254,0.0018543956043956043,0.01727335164835165,0.175,1.0,0,0.5246506929397583,0.7606363892555237,0.8137005567550659,3.269275665283203,6.855139255523682,0.026515722274780273,0.06370119750499725,0.09659677743911743,19.890026092529297,107.31007385253906,1147.4295654296875,352741.25,0.07204670329670332,0.0038461538461538464
17,k_only_per_group_g16_coordinate_analytic,16,k_only,analytic,29120,0.8658653846153846,0.015453296703296704,0.001098901098901099,0.014354395604395604,0.07908653846153846,1.0,0,0.17762747406959534,0.21319082379341125,0.23907387256622314,9.914464950561523,21.79859161376953,0.014101028442382812,0.035126350820064545,0.05831264704465866,12.354019165039062,69.06886291503906,748.621337890625,197623.421875,0.16796016483516485,0.007520604395604397
17,k_only_per_group_g8_coordinate_analytic,8,k_only,analytic,29120,0.8658653846153846,0.015728021978021978,0.0007554945054945055,0.014972527472527473,0.07091346153846154,1.0,0,0.15053603053092957,0.1804894208908081,0.19579416513442993,11.60343074798584,26.245023727416992,0.008620500564575195,0.0224764347076416,0.03858482837677002,17.027267456054688,95.03254699707031,985.8964233398438,158267146240.0,0.17613324175824177,0.007245879120879123
17,k_only_per_group_g4_coordinate_analytic,4,k_only,analytic,29120,0.8658653846153846,0.014869505494505494,0.0005151098901098901,0.014354395604395604,0.06390796703296703,1.0,0,0.12389758229255676,0.14746686816215515,0.15790602564811707,14.163093566894531,32.26627731323242,0.006002187728881836,0.015572690404951572,0.027445893734693527,19.9852294921875,105.89022827148438,1042.7939453125,107577663488.0,0.18313873626373628,0.008104395604395607
18,baseline_per_vector_qk_coordinate_analytic,0,qk,analytic,29120,0.8658653846153846,0.022596153846153846,0.003399725274725275,0.019196428571428573,0.2622596153846154,1.0,0,0.9010603427886963,1.0926434993743896,1.3260239362716675,1.952854871749878,4.074006080627441,0.05312538146972656,0.1325240135192871,0.2177124321460724,16.807636260986328,88.43402862548828,977.9511108398438,158103.8125,0.0,0.0
18,qk_per_group_g32_coordinate_analytic,32,qk,analytic,29120,0.8658653846153846,0.02142857142857143,0.0025755494505494505,0.018853021978021977,0.18907967032967032,1.0,0,0.6661006808280945,0.7573180794715881,0.8451085686683655,2.7060723304748535,5.671173572540283,0.03765106201171875,0.09521864354610443,0.15488013625144958,17.00588035583496,92.0528335571289,844.2057495117188,182004.28125,0.07317994505494507,0.001167582417582417
18,qk_per_group_g16_coordinate_analytic,16,qk,analytic,29120,0.8658653846153846,0.02032967032967033,0.001820054945054945,0.018509615384615385,0.13962912087912088,1.0,0,0.4678282141685486,0.5322379469871521,0.5980782508850098,3.9038946628570557,8.21951961517334,0.02949810028076172,0.08039478957653046,0.13389000296592712,14.87689208984375,80.67607879638672,821.9050903320312,283744.15625,0.12263049450549451,0.0022664835164835154
18,qk_per_group_g8_coordinate_analytic,8,qk,analytic,29120,0.8658653846153846,0.018853021978021977,0.001510989010989011,0.017342032967032968,0.11280906593406594,1.0,0,0.3579346537590027,0.4184824824333191,0.44742828607559204,5.105855941772461,10.864665985107422,0.022909045219421387,0.07264165580272675,0.1193503811955452,14.399612426757812,81.4862289428711,765.42138671875,660588.5,0.14945054945054947,0.0037431318681318687
18,qk_per_group_g4_coordinate_analytic,4,qk,analytic,29120,0.8658653846153846,0.016929945054945054,0.0004807692307692308,0.016449175824175825,0.08842719780219781,1.0,0,0.23377934098243713,0.2811909019947052,0.35347941517829895,7.556884765625,15.601826667785645,0.012062311172485352,0.03108687326312065,0.054146286100149155,19.247066497802734,101.96029663085938,1109.3895263671875,655765.5,0.17383241758241758,0.005666208791208792
18,k_only_per_vector_coordinate_analytic,0,k_only,analytic,29120,0.8658653846153846,0.017548076923076923,0.0018543956043956043,0.01569368131868132,0.1784684065934066,1.0,0,0.6166397929191589,0.7331700921058655,0.8176782131195068,2.92927885055542,6.149647235870361,0.031409502029418945,0.07237625122070312,0.10531628131866455,19.064285278320312,98.90068817138672,979.6480712890625,559453.5625,0.0837912087912088,0.0050480769230769225
18,k_only_per_group_g16_coordinate_analytic,16,k_only,analytic,29120,0.8658653846153846,0.018887362637362636,0.001510989010989011,0.017376373626373627,0.07273351648351649,1.0,0,0.17125633358955383,0.19964782893657684,0.2203129529953003,10.504270553588867,22.223539352416992,0.016199111938476562,0.05142230540513992,0.0743650421500206,9.990752220153809,60.555511474609375,629.7698364257812,141052.4375,0.1895260989010989,0.0037087912087912095
18,k_only_per_group_g8_coordinate_analytic,8,k_only,analytic,29120,0.8658653846153846,0.017925824175824175,0.0013049450549450549,0.01662087912087912,0.0665521978021978,1.0,0,0.14529351890087128,0.172843337059021,0.18964585661888123,12.256009101867676,26.30597496032715,0.01296854019165039,0.05064587667584419,0.07054631412029266,10.402910232543945,63.62839126586914,669.0198364257812,124638494720.0,0.1957074175824176,0.004670329670329671
18,k_only_per_group_g4_coordinate_analytic,4,k_only,analytic,29120,0.8658653846153846,0.018131868131868133,0.0002747252747252747,0.017857142857142856,0.0564217032967033,1.0,0,0.10468453168869019,0.12111920863389969,0.14135433733463287,17.00982666015625,35.15298843383789,0.005393505096435547,0.013872765935957432,0.03090072050690651,19.231460571289062,104.88204193115234,1059.688232421875,89260892160.0,0.2058379120879121,0.004464285714285712
19,baseline_per_vector_qk_coordinate_analytic,0,qk,analytic,29120,0.8658653846153846,0.02506868131868132,0.004292582417582418,0.0207760989010989,0.25350274725274724,1.0,0,1.1376440525054932,1.3719127178192139,1.571752905845642,2.046837329864502,4.659551620483398,0.06902313232421875,0.1670522540807724,0.26156750321388245,16.113981246948242,84.4278564453125,880.6116333007812,1076482.75,0.0,0.0
19,qk_per_group_g32_coordinate_analytic,32,qk,analytic,29120,0.8658653846153846,0.01933379120879121,0.002129120879120879,0.01720467032967033,0.16198489010989012,1.0,0,0.6858634352684021,0.8414596319198608,0.9633467197418213,3.3898439407348633,7.6907501220703125,0.03696799278259277,0.09380531311035156,0.15342499315738678,18.128440856933594,95.83702087402344,1003.2025756835938,92967.1171875,0.09151785714285712,0.00573489010989011
19,qk_per_group_g16_coordinate_analytic,16,qk,analytic,29120,0.8658653846153846,0.017925824175824175,0.0015796703296703297,0.016346153846153847,0.12548076923076923,1.0,0,0.4913352131843567,0.6051899194717407,0.685046911239624,4.721476078033447,10.710474967956543,0.027139663696289062,0.07035292685031891,0.120937280356884,17.705514907836914,95.11723327636719,955.4873657226562,441758.59375,0.128021978021978,0.007142857142857145
19,qk_per_group_g8_coordinate_analytic,8,qk,analytic,29120,0.8658653846153846,0.018131868131868133,0.0007898351648351648,0.017342032967032968,0.10281593406593406,1.0,0,0.36193692684173584,0.4596785306930542,0.5345295667648315,6.313331127166748,14.042790412902832,0.01751232147216797,0.045293424278497696,0.08104885369539261,20.582088470458984,107.9944076538086,1159.90087890625,356780.90625,0.15068681318681318,0.0069368131868131865
19,qk_per_group_g4_coordinate_analytic,4,qk,analytic,29120,0.8658653846153846,0.01620879120879121,0.0005494505494505495,0.01565934065934066,0.08111263736263737,1.0,0,0.25956103205680847,0.32037413120269775,0.3490361273288727,8.901617050170898,19.627641677856445,0.009072303771972656,0.023172473534941673,0.037865325808525085,28.45926284790039,152.96307373046875,1509.1641845703125,299542413312.0,0.1723901098901099,0.00885989010989011
19,k_only_per_vector_coordinate_analytic,0,k_only,analytic,29120,0.8658653846153846,0.020982142857142855,0.0026098901098901097,0.018372252747252748,0.19168956043956045,1.0,0,0.8200424909591675,1.0030766725540161,1.150072693824768,2.828911304473877,6.3915205001831055,0.0477139949798584,0.09769964218139648,0.14205774664878845,17.06955909729004,79.9349594116211,686.95068359375,157394.625,0.06181318681318679,0.004086538461538464
19,k_only_per_group_g16_coordinate_analytic,16,k_only,analytic,29120,0.8658653846153846,0.016483516483516484,0.0008241758241758242,0.01565934065934066,0.0700206043956044,1.0,0,0.20378978550434113,0.2458963394165039,0.27031004428863525,11.317834854125977,25.789796829223633,0.015558481216430664,0.044653892517089844,0.08135868608951569,12.761621475219727,72.25204467773438,682.6102294921875,182234.125,0.18348214285714284,0.008585164835164836
19,k_only_per_group_g8_coordinate_analytic,8,k_only,analytic,29120,0.8658653846153846,0.016758241758241758,0.0004807692307692308,0.01627747252747253,0.06318681318681318,1.0,0,0.16382506489753723,0.196459099650383,0.2225147932767868,13.944272994995117,31.758323669433594,0.009150028228759766,0.025800369679927826,0.056410618126392365,17.679433822631836,91.17306518554688,1068.6571044921875,139877.3125,0.19031593406593406,0.008310439560439562
19,k_only_per_group_g4_coordinate_analytic,4,k_only,analytic,29120,0.8658653846153846,0.015418956043956045,0.00034340659340659343,0.01507554945054945,0.05525412087912088,1.0,0,0.12625914812088013,0.15047068893909454,0.16384923458099365,18.215740203857422,40.908599853515625,0.00525665283203125,0.013586044311523438,0.022873297333717346,23.995668411254883,130.3264617919922,1277.4979248046875,89447088128.0,0.19824862637362636,0.009649725274725275
20,baseline_per_vector_qk_coordinate_analytic,0,qk,analytic,29120,0.8658653846153846,0.023935439560439562,0.003125,0.02081043956043956,0.28650412087912086,1.0,0,0.7630023956298828,0.9133161306381226,1.1321063041687012,1.8397901058197021,4.296419143676758,0.043028831481933594,0.10785126686096191,0.17533017694950104,17.422618865966797,93.74533081054688,941.1737670898438,250705.671875,0.0,0.0
20,qk_per_group_g32_coordinate_analytic,32,qk,analytic,29120,0.8658653846153846,0.021668956043956043,0.0021634615384615386,0.019505494505494506,0.20350274725274725,1.0,0,0.5348688364028931,0.6480351090431213,0.724598228931427,2.661518096923828,6.082329750061035,0.024500131607055664,0.06200561672449112,0.1025761291384697,21.351139068603516,114.34917449951172,1256.9571533203125,483283.34375,0.08300137362637361,0.002266483516483519
20,qk_per_group_g16_coordinate_analytic,16,qk,analytic,29120,0.8658653846153846,0.021291208791208792,0.001614010989010989,0.0196771978021978,0.1648695054945055,1.0,0,0.4200131893157959,0.5012542009353638,0.5558362007141113,3.3923604488372803,7.730042457580566,0.021814584732055664,0.054877471178770065,0.0893087387084961,18.82276153564453,100.39892578125,988.5028076171875,848525.375,0.12163461538461537,0.0026442307692307702
20,qk_per_group_g8_coordinate_analytic,8,qk,analytic,29120,0.8658653846153846,0.01978021978021978,0.0014423076923076924,0.01833791208791209,0.1338598901098901,1.0,0,0.3267975449562073,0.3919602930545807,0.4302862584590912,4.368698596954346,9.985607147216797,0.017795801162719727,0.045185089111328125,0.0759873017668724,17.899715423583984,95.06562042236328,953.1173095703125,210892226560.0,0.15264423076923075,0.004155219780219783
20,qk_per_group_g4_coordinate_analytic,4,qk,analytic,29120,0.8658653846153846,0.019642857142857142,0.0012706043956043956,0.018372252747252748,0.10796703296703297,1.0,0,0.24635475873947144,0.2959865629673004,0.3266875147819519,5.788328170776367,13.276213645935059,0.011520743370056152,0.029148150235414505,0.047594789415597916,20.8372745513916,111.62540435791016,1061.7896728515625,277335867392.0,0.1785370879120879,0.00429258241758242
20,k_only_per_vector_coordinate_analytic,0,k_only,analytic,29120,0.8658653846153846,0.0228021978021978,0.0017857142857142857,0.021016483516483518,0.21796016483516484,1.0,0,0.5583168864250183,0.705437183380127,0.858649730682373,2.4843859672546387,5.985642910003662,0.03015732765197754,0.07464246451854706,0.10867039859294891,18.107017517089844,91.14179229736328,950.4063110351562,99415.3203125,0.06854395604395602,0.0011332417582417612
20,k_only_per_group_g16_coordinate_analytic,16,k_only,analytic,29120,0.8658653846153846,0.01936813186813187,0.0010302197802197802,0.01833791208791209,0.09096840659340659,1.0,0,0.19128060340881348,0.2353297919034958,0.26990047097206116,7.360536575317383,16.985488891601562,0.013927459716796875,0.03519640117883682,0.053501952439546585,13.514762878417969,72.06885528564453,684.0231323242188,179340705792.0,0.19553571428571426,0.004567307692307693
20,k_only_per_group_g8_coordinate_analytic,8,k_only,analytic,29120,0.8658653846153846,0.019230769230769232,0.0008585164835164835,0.018372252747252748,0.08073489010989011,1.0,0,0.15799027681350708,0.19296565651893616,0.21061170101165771,8.998794555664062,20.4698486328125,0.010725021362304688,0.02888622134923935,0.04861694201827049,14.527534484863281,78.06148529052734,778.118896484375,172544606208.0,0.20576923076923076,0.00470467032967033
20,k_only_per_group_g4_coordinate_analytic,4,k_only,analytic,29120,0.8658653846153846,0.01936813186813187,0.0007898351648351648,0.018578296703296703,0.06881868131868132,1.0,0,0.1199059784412384,0.14774613082408905,0.16306672990322113,11.896828651428223,27.027603149414062,0.007796287536621094,0.019614268094301224,0.033021971583366394,15.082697868347168,84.69222259521484,885.4893798828125,156250144768.0,0.21768543956043954,0.004567307692307693
21,baseline_per_vector_qk_coordinate_analytic,0,qk,analytic,29120,0.8658653846153846,0.021016483516483518,0.003331043956043956,0.01768543956043956,0.21414835164835164,1.0,0,0.6625350117683411,0.8886955976486206,1.020508885383606,2.611609935760498,5.597216606140137,0.034519195556640625,0.08653783798217773,0.14085108041763306,18.865299224853516,102.54696655273438,995.425048828125,977965.3125,0.0,0.0
21,qk_per_group_g32_coordinate_analytic,32,qk,analytic,29120,0.8658653846153846,0.01933379120879121,0.0018887362637362637,0.017445054945054946,0.18028846153846154,1.0,0,0.519882321357727,0.7156223654747009,0.908211886882782,3.2793850898742676,7.127033233642578,0.025237083435058594,0.06591224670410156,0.11091923713684082,20.38296890258789,110.68352508544922,951.8245849609375,2082856.5,0.0338598901098901,0.0016826923076923087
21,qk_per_group_g16_coordinate_analytic,16,qk,analytic,29120,0.8658653846153846,0.018440934065934066,0.0019230769230769232,0.016517857142857143,0.15298763736263737,1.0,0,0.42104372382164,0.5630435943603516,0.720495879650116,4.081374168395996,8.803714752197266,0.023313045501708984,0.06110681965947151,0.10354894399642944,17.745590209960938,96.0658950805664,998.2059936523438,283075.6875,0.06116071428571426,0.002575549450549452
21,qk_per_group_g8_coordinate_analytic,8,qk,analytic,29120,0.8658653846153846,0.0167239010989011,0.0012362637362637362,0.015487637362637363,0.11967719780219781,1.0,0,0.30988192558288574,0.3949194550514221,0.4858793318271637,5.65947151184082,12.080174446105957,0.015264630317687988,0.039264485239982605,0.06568541377782822,19.845932006835938,106.90918731689453,1115.1124267578125,314491.4375,0.09447115384615383,0.00429258241758242
21,qk_per_group_g4_coordinate_analytic,4,qk,analytic,29120,0.8658653846153846,0.018200549450549452,0.0009615384615384616,0.01723901098901099,0.10298763736263736,1.0,0,0.2497600018978119,0.32294005155563354,0.3983311653137207,7.030249118804932,15.049067497253418,0.012290358543395996,0.03235306590795517,0.05641623213887215,19.87651824951172,107.15391540527344,1132.1207275390625,224744194048.0,0.11116071428571428,0.0028159340659340663
21,k_only_per_vector_coordinate_analytic,0,k_only,analytic,29120,0.8658653846153846,0.01974587912087912,0.0016826923076923078,0.01806318681318681,0.15594093406593407,1.0,0,0.4463183283805847,0.5783699750900269,0.7120779156684875,3.9350509643554688,8.40933895111084,0.020987987518310547,0.05325717851519585,0.08899737149477005,20.58603858947754,108.43995666503906,1023.8456420898438,82813.359375,0.05820741758241757,0.001270604395604398
21,k_only_per_group_g16_coordinate_analytic,16,k_only,analytic,29120,0.8658653846153846,0.015247252747252747,0.0010645604395604395,0.014182692307692308,0.08492445054945055,1.0,0,0.18694348633289337,0.2550837993621826,0.3366442918777466,9.209959030151367,20.294214248657227,0.014349937438964844,0.03923850134015083,0.06834903359413147,12.61912727355957,66.83696746826172,666.002685546875,61751.21875,0.12922390109890108,0.005769230769230771
21,k_only_per_group_g8_coordinate_analytic,8,k_only,analytic,29120,0.8658653846153846,0.014835164835164835,0.0006524725274725274,0.014182692307692308,0.07585851648351648,1.0,0,0.1592831015586853,0.20271572470664978,0.24868656694889069,11.066917419433594,23.990758895874023,0.01099538803100586,0.02867727167904377,0.04843129217624664,13.987452507019043,75.92585754394531,782.6381225585938,284817.90625,0.13828983516483517,0.006181318681318684
21,k_only_per_group_g4_coordinate_analytic,4,k_only,analytic,29120,0.8658653846153846,0.016449175824175825,0.0006868131868131869,0.015762362637362637,0.0674793956043956,1.0,0,0.12851852178573608,0.1664508730173111,0.20102687180042267,13.687466621398926,29.410511016845703,0.009498119354248047,0.023990295827388763,0.04116903617978096,13.07850456237793,70.32366180419922,718.9549560546875,144932.46875,0.14666895604395602,0.004567307692307693
