layer,block_size,target_sparsity,mask_type,actual_tile_sparsity,token_mask_sparsity,kept_attention_mass_mean,kept_attention_mass_p50,kept_attention_mass_p90,kept_attention_mass_p99,dropped_attention_mass_mean,output_l2_relative_mean,output_l2_relative_p90,output_cosine_mean,output_cosine_p10,prob_l1_mean,prob_l1_p90,prob_kl_mean,prob_kl_p90
12,8,0.0,dense,0.0,0.4921875,0.5264962911605835,0.9999998211860657,1.0000001192092896,1.0000001192092896,0.4735037386417389,0.48438405990600586,1.0,0.5281084179878235,0.0,0.509507417678833,1.0000001192092896,11.799019813537598,25.747268676757812
12,8,0.5,mean_pooled_score,0.523076923076923,0.7578125,0.26628923416137695,0.0,0.9999998807907104,1.0000001192092896,0.7337107062339783,0.7824360728263855,1.0,0.30660364031791687,0.0,0.9084092378616333,1.5994421243667603,18.105756759643555,25.9527587890625
12,8,0.5,oracle_block_mass,0.49230769230769234,0.7421875,0.29618361592292786,0.0014323117211461067,0.9999999403953552,1.0000001192092896,0.7038164138793945,0.7621660828590393,1.0166757106781006,0.3372926115989685,0.0,0.9126550555229187,1.688446044921875,17.322010040283203,25.897911071777344
12,8,0.5,local_window,0.25384615384615383,0.62109375,0.39877986907958984,0.0,1.0,1.0000001192092896,0.6012201309204102,0.6194767355918884,1.0,0.4138953983783722,0.0,0.6516590118408203,1.0000001192092896,14.90911865234375,25.853939056396484
12,8,0.5,random,0.501304945054945,0.7467564174107143,0.26095637679100037,0.0022572726011276245,0.9063525199890137,1.0,0.7390435934066772,0.7986980080604553,1.0284110307693481,0.3822839558124542,0.0,0.9963628649711609,1.7866324186325073,18.245561599731445,25.9527587890625
12,8,0.6,mean_pooled_score,0.6182692307692308,0.80615234375,0.21370865404605865,0.0,0.9734517931938171,1.0000001192092896,0.7862913012504578,0.8310157060623169,1.0,0.2517741024494171,0.0,0.9439554214477539,1.5454704761505127,19.413118362426758,26.009387969970703
12,8,0.6,oracle_block_mass,0.5875,0.79052734375,0.24692775309085846,0.0,0.9913599491119385,1.0000001192092896,0.753072202205658,0.8091370463371277,1.0166219472885132,0.287294864654541,0.0,0.9602460265159607,1.7073664665222168,18.536457061767578,25.9527587890625
12,8,0.6,local_window,0.375,0.6826171875,0.3346938490867615,0.0,1.0,1.0000001192092896,0.6653061509132385,0.6857487559318542,1.0,0.3513072431087494,0.0,0.717331051826477,1.0000001192092896,16.478931427001953,25.90386199951172
12,8,0.6,random,0.5984546703296703,0.7960902622767857,0.208435520529747,0.0,0.8063375949859619,1.0,0.7915644645690918,0.8562765121459961,1.0707273483276367,0.34229159355163574,0.0,1.0753164291381836,1.856227993965149,19.53536033630371,26.006290435791016
12,8,0.7,mean_pooled_score,0.7168269230769231,0.856201171875,0.15940213203430176,0.0,0.8010371327400208,1.0,0.8405978083610535,0.8804994225502014,1.0,0.19475685060024261,0.0,0.9784892201423645,1.4062278270721436,20.7580623626709,26.072399139404297
12,8,0.7,oracle_block_mass,0.6855769230769231,0.84033203125,0.19716966152191162,0.0,0.8831994533538818,1.0,0.8028303384780884,0.8598422408103943,1.0219006538391113,0.23054620623588562,0.0,1.001866102218628,1.689473271369934,19.768400192260742,26.00321388244629
12,8,0.7,local_window,0.49759615384615385,0.744873046875,0.268876850605011,0.0,1.0,1.0000001192092896,0.7311232686042786,0.7521525621414185,1.0,0.2864817678928375,0.0,0.7845119833946228,1.0000001192092896,18.092540740966797,25.966449737548828
12,8,0.7,random,0.6964972527472528,0.8458775111607143,0.1574818193912506,0.0,0.6502683162689209,0.9995583295822144,0.8425182104110718,0.9102439880371094,1.102196216583252,0.2915123403072357,0.0,1.1328600645065308,1.8990424871444702,20.79690933227539,26.056081771850586
12,8,0.8,mean_pooled_score,0.8182692307692307,0.90771484375,0.09992744028568268,0.0,0.44447633624076843,0.9999999403953552,0.9000725746154785,0.9349678754806519,1.0,0.13321971893310547,0.0,1.0194531679153442,1.2971909046173096,22.23421287536621,26.144588470458984
12,8,0.8,oracle_block_mass,0.7875,0.89208984375,0.14035257697105408,0.0,0.5727113485336304,1.0,0.8596474528312683,0.9153332114219666,1.0174802541732788,0.17027463018894196,0.0,1.049372911453247,1.6693077087402344,21.17246437072754,26.07432746887207
12,8,0.8,local_window,0.6625,0.82861328125,0.18015830218791962,0.0,0.9999999403953552,1.0000001192092896,0.819841742515564,0.841800332069397,1.0,0.19819621741771698,0.0,0.8740584254264832,1.0000001192092896,20.274572372436523,26.054201126098633
12,8,0.8,random,0.7989354395604396,0.8978969029017857,0.1029006764292717,0.0,0.41565775871276855,0.9756314754486084,0.8970993757247925,0.9551801681518555,1.103240966796875,0.22526660561561584,0.0,1.1625021696090698,1.9224979877471924,22.158185958862305,26.142309188842773
12,8,0.85,mean_pooled_score,0.8658653846153846,0.931884765625,0.07420182973146439,0.0,0.2810741662979126,0.9897452592849731,0.9257981181144714,0.9556371569633484,1.0,0.10233354568481445,0.0,1.0325394868850708,1.2174571752548218,22.8740177154541,26.177427291870117
12,8,0.85,oracle_block_mass,0.8350961538461539,0.916259765625,0.11404918879270554,0.0,0.4523151218891144,1.0,0.8859507441520691,0.9396805167198181,1.010948657989502,0.13990110158920288,0.0,1.065567970275879,1.650577187538147,21.82724952697754,26.10443115234375
12,8,0.85,local_window,0.7403846153846154,0.8681640625,0.13963380455970764,0.0,0.8780024647712708,1.0000001192092896,0.8603662848472595,0.8824697136878967,1.0,0.1575983464717865,0.0,0.9140917658805847,1.0000001192092896,21.27524185180664,26.102256774902344
12,8,0.85,random,0.8489697802197802,0.9233049665178571,0.07722277194261551,0.0,0.28887900710105896,0.9479538798332214,0.9227772951126099,0.9747837781906128,1.0850752592086792,0.1859218180179596,0.0,1.1567987203598022,1.909766435623169,22.803640365600586,26.172813415527344
12,8,0.9,mean_pooled_score,0.9163461538461538,0.95751953125,0.046249039471149445,0.0,0.10930629074573517,0.8851558566093445,0.9537509679794312,0.9779008626937866,1.0,0.06833020597696304,0.0,1.0393378734588623,1.000000238418579,23.574066162109375,26.223896026611328
12,8,0.9,oracle_block_mass,0.885576923076923,0.94189453125,0.08494920283555984,0.0,0.3403571844100952,0.9999998807907104,0.9150508046150208,0.9636998772621155,1.0,0.10540975630283356,0.0,1.0715916156768799,1.5932927131652832,22.5555419921875,26.144947052001953
12,8,0.9,local_window,0.8225961538461538,0.909912109375,0.09386182576417923,0.0,0.43796709179878235,1.0,0.9061382412910461,0.9260515570640564,1.0,0.11257882416248322,0.0,0.9607138633728027,1.0000001192092896,22.40349006652832,26.148027420043945
12,8,0.9,random,0.8995879120879121,0.9490094866071429,0.05009960010647774,0.0,0.14548268914222717,0.8783683776855469,0.9499003291130066,0.9881688356399536,1.0211915969848633,0.13525477051734924,0.0,1.1336177587509155,1.8440948724746704,23.486087799072266,26.215511322021484
12,16,0.0,dense,0.0,0.484375,0.5219222903251648,0.9999998807907104,1.0000001192092896,1.000000238418579,0.4780776798725128,0.48059412837028503,1.0,0.5240320563316345,0.0,0.48740535974502563,1.0000001192092896,11.932815551757812,25.782575607299805
12,16,0.5,mean_pooled_score,0.5454545454545454,0.765625,0.2373274266719818,0.0,1.0,1.0000001192092896,0.7626727223396301,0.780250608921051,1.0,0.2575061023235321,0.0,0.81859290599823,1.0000001192092896,18.90130615234375,26.04390525817871
12,16,0.5,oracle_block_mass,0.48484848484848486,0.734375,0.27938729524612427,0.0,1.0,1.0000001192092896,0.7206127047538757,0.7402688264846802,1.0,0.30493173003196716,0.0,0.7830223441123962,1.0000001192092896,17.852170944213867,25.980316162109375
12,16,0.5,local_window,0.25757575757575757,0.6171875,0.39094001054763794,0.0,1.0,1.0000001192092896,0.6090599894523621,0.6145852208137512,1.0,0.39806389808654785,0.0,0.6243699789047241,1.0000001192092896,15.122679710388184,25.895822525024414
12,16,0.5,random,0.5047348484848485,0.74462890625,0.2576185166835785,0.0,1.0,1.0000001192092896,0.7423815131187439,0.7747387290000916,1.0,0.3018089234828949,0.0,0.8398131728172302,1.000000238418579,18.38798713684082,26.01859474182129
12,16,0.6,mean_pooled_score,0.6363636363636364,0.8125,0.19032640755176544,0.0,1.0,1.0000001192092896,0.8096736669540405,0.8238390684127808,1.0,0.20975354313850403,0.0,0.8569309115409851,1.0000001192092896,20.06169319152832,26.100936889648438
12,16,0.6,oracle_block_mass,0.5757575757575757,0.78125,0.23003144562244415,0.0,1.0,1.0000001192092896,0.769968569278717,0.7861031293869019,1.0,0.2532029151916504,0.0,0.8239773511886597,1.0000001192092896,19.070398330688477,26.040184020996094
12,16,0.6,local_window,0.3977272727272727,0.689453125,0.31698283553123474,0.0,1.0,1.0000001192092896,0.6830171942710876,0.6888381838798523,1.0,0.3241041302680969,0.0,0.6980655789375305,1.0000001192092896,16.936542510986328,25.957441329956055
12,16,0.6,random,0.6025432900432901,0.7950613839285714,0.2055692970752716,0.0,0.9999998807907104,1.0000001192092896,0.7944306135177612,0.8261706233024597,1.0,0.24711696803569794,0.0,0.8882474899291992,1.000000238418579,19.663864135742188,26.059762954711914
12,16,0.7,mean_pooled_score,0.7329545454545454,0.8623046875,0.13896258175373077,0.0,0.9999998807907104,1.0000001192092896,0.8610373735427856,0.8736740350723267,1.0,0.1566358059644699,0.0,0.9035758972167969,1.0000001192092896,21.324689865112305,26.136058807373047
12,16,0.7,oracle_block_mass,0.6723484848484849,0.8310546875,0.18051263689994812,0.0,0.9999999403953552,1.0000001192092896,0.8194872736930847,0.8345982432365417,1.0,0.20255973935127258,0.0,0.8726521134376526,1.0000001192092896,20.286344528198242,26.094091415405273
12,16,0.7,local_window,0.5227272727272727,0.75390625,0.250863641500473,0.0,1.0,1.0000001192092896,0.7491363883018494,0.7549066543579102,1.0,0.25794655084609985,0.0,0.763897716999054,1.0000001192092896,18.55691146850586,26.017864227294922
12,16,0.7,random,0.7010281385281385,0.8458426339285714,0.1547270268201828,0.0,0.8606165647506714,1.0000001192092896,0.8452730178833008,0.872639000415802,1.0,0.19122552871704102,0.0,0.9270135760307312,1.0000001192092896,20.919523239135742,26.136058807373047
12,16,0.8,mean_pooled_score,0.8352272727272727,0.9150390625,0.08501378446817398,0.0,0.25864177942276,1.0000001192092896,0.9149861931800842,0.9257532358169556,1.0,0.09940732270479202,0.0,0.949950098991394,1.0000001192092896,22.654922485351562,26.199169158935547
12,16,0.8,oracle_block_mass,0.7746212121212122,0.8837890625,0.12536999583244324,0.0,0.7973394393920898,1.0000001192092896,0.8746300339698792,0.8868342041969299,1.0,0.14395961165428162,0.0,0.9230881333351135,1.0000001192092896,21.644983291625977,26.147933959960938
12,16,0.8,local_window,0.6647727272727273,0.8271484375,0.1764104664325714,0.0,1.0,1.0000001192092896,0.8235896229743958,0.8285784125328064,1.0,0.1836453676223755,0.0,0.8385852575302124,1.0000001192092896,20.387630462646484,26.10002326965332
12,16,0.8,random,0.8008658008658008,0.8973214285714286,0.10278421640396118,0.0,0.5226383209228516,1.0,0.8972157835960388,0.918040931224823,1.0,0.12931537628173828,0.0,0.958215057849884,1.0000001192092896,22.202777862548828,26.183080673217773
12,16,0.85,mean_pooled_score,0.8806818181818181,0.9384765625,0.062481727451086044,0.0,0.0,1.0,0.9375182390213013,0.9461170434951782,1.0,0.07407192885875702,0.0,0.9666938781738281,1.0000001192092896,23.20987319946289,26.22650718688965
12,16,0.85,oracle_block_mass,0.8200757575757576,0.9072265625,0.10089918226003647,0.0,0.501259446144104,1.0000001192092896,0.8991007804870605,0.9101855158805847,1.0,0.11758315563201904,0.0,0.9431513547897339,1.0000001192092896,22.246686935424805,26.161226272583008
12,16,0.85,local_window,0.7689393939393939,0.880859375,0.12173862010240555,0.0,0.9999998807907104,1.0000001192092896,0.878261387348175,0.8839489221572876,1.0,0.1289414018392563,0.0,0.8932415246963501,1.0000001192092896,21.73672866821289,26.154708862304688
12,16,0.85,random,0.8509199134199135,0.9231305803571429,0.0770292729139328,0.0,0.24539469182491302,1.0,0.9229707717895508,0.9396189451217651,1.0,0.0981367900967598,0.0,0.9716389775276184,1.0000001192092896,22.84116554260254,26.214540481567383
12,16,0.9,mean_pooled_score,0.9318181818181819,0.96484375,0.03590264543890953,0.0,0.0,1.0,0.9640973806381226,0.9708471894264221,1.0,0.04444235935807228,0.0,0.9845563173294067,1.0000001192092896,23.868661880493164,26.26491928100586
12,16,0.9,oracle_block_mass,0.8712121212121212,0.93359375,0.07371033728122711,0.0,0.10685984790325165,1.0,0.9262896776199341,0.9351083636283875,1.0,0.08751937001943588,0.0,0.9612566828727722,1.0000001192092896,22.922487258911133,26.20429039001465
12,16,0.9,local_window,0.8238636363636364,0.9091796875,0.09265276044607162,0.0,0.24691790342330933,1.0000001192092896,0.9073472023010254,0.9135180115699768,1.0,0.09977985918521881,0.0,0.9221163392066956,1.0000001192092896,22.45648193359375,26.177427291870117
12,16,0.9,random,0.8994859307359307,0.9481724330357143,0.05138605460524559,0.0,0.0,0.9999999403953552,0.9486140012741089,0.9603020548820496,1.0,0.06674014776945114,0.0,0.9833048582077026,1.0000001192092896,23.476289749145508,26.23798179626465
12,32,0.0,dense,0.0,0.46875,0.53125,0.9999998807907104,1.0000001192092896,1.000000238418579,0.46875,0.46875,1.0,0.53125,0.0,0.46875,1.0,11.703049659729004,25.75859260559082
12,32,0.5,mean_pooled_score,0.5882352941176471,0.78125,0.21875,0.0,1.0,1.0000001192092896,0.78125,0.78125,1.0,0.21875,0.0,0.78125,1.0000001192092896,19.391855239868164,26.102619171142578
12,32,0.5,oracle_block_mass,0.47058823529411764,0.71875,0.28125,0.0,1.0,1.0000001192092896,0.71875,0.71875,1.0,0.28125,0.0,0.71875,1.0000001192092896,17.839988708496094,25.98998260498047
12,32,0.5,local_window,0.2647058823529411,0.609375,0.390625,0.0,1.0,1.0000001192092896,0.609375,0.609375,1.0,0.390625,0.0,0.609375,1.0000001192092896,15.135642051696777,25.887126922607422
12,32,0.5,random,0.49369747899159666,0.7310267857142857,0.2689732015132904,0.0,1.0,1.0000001192092896,0.7310267686843872,0.7310267686843872,1.0,0.2689732015132904,0.0,0.7310267686843872,1.0000001192092896,18.143877029418945,26.01085090637207
12,32,0.6,mean_pooled_score,0.6691176470588236,0.82421875,0.17578125,0.0,1.0,1.0000001192092896,0.82421875,0.82421875,1.0,0.17578125,0.0,0.82421875,1.0000001192092896,20.444231033325195,26.144588470458984
12,32,0.6,oracle_block_mass,0.5514705882352942,0.76171875,0.23828125,0.0,1.0,1.0000001192092896,0.76171875,0.76171875,1.0,0.23828125,0.0,0.76171875,1.0000001192092896,18.893749237060547,26.028051376342773
12,32,0.6,local_window,0.40441176470588236,0.68359375,0.31640625,0.0,1.0,1.0000001192092896,0.68359375,0.68359375,1.0,0.31640625,0.0,0.68359375,1.0000001192092896,16.95401382446289,25.952526092529297
12,32,0.6,random,0.5919117647058824,0.783203125,0.216796875,0.0,1.0,1.0000001192092896,0.783203125,0.783203125,1.0,0.216796875,0.0,0.783203125,1.0000001192092896,19.427133560180664,26.070926666259766
12,32,0.7,mean_pooled_score,0.7647058823529411,0.875,0.125,0.0,0.9999999403953552,1.0000001192092896,0.875,0.875,1.0,0.125,0.0,0.875,1.0000001192092896,21.692174911499023,26.185625076293945
12,32,0.7,oracle_block_mass,0.6470588235294117,0.8125,0.1875,0.0,1.0,1.0000001192092896,0.8125,0.8125,1.0,0.1875,0.0,0.8125,1.0000001192092896,20.1422119140625,26.089567184448242
12,32,0.7,local_window,0.5735294117647058,0.7734375,0.2265625,0.0,1.0,1.0000001192092896,0.7734375,0.7734375,1.0,0.2265625,0.0,0.7734375,1.0000001192092896,19.157352447509766,26.027385711669922
12,32,0.7,random,0.6938025210084033,0.8373325892857143,0.1626674085855484,0.0,1.0,1.0000001192092896,0.8373326063156128,0.8373326063156128,1.0,0.1626674085855484,0.0,0.8373326063156128,1.0000001192092896,20.76109504699707,26.145401000976562
12,32,0.8,mean_pooled_score,0.8676470588235294,0.9296875,0.0703125,0.0,0.0,1.0000001192092896,0.9296875,0.9296875,1.0,0.0703125,0.0,0.9296875,1.0000001192092896,23.0357608795166,26.234207153320312
12,32,0.8,oracle_block_mass,0.75,0.8671875,0.1328125,0.0,0.9999999403953552,1.0000001192092896,0.8671875,0.8671875,1.0,0.1328125,0.0,0.8671875,1.0000001192092896,21.485401153564453,26.145401000976562
12,32,0.8,local_window,0.6691176470588236,0.82421875,0.17578125,0.0,1.0,1.0000001192092896,0.82421875,0.82421875,1.0,0.17578125,0.0,0.82421875,1.0000001192092896,20.408159255981445,26.10134506225586
12,32,0.8,random,0.7993697478991597,0.8934151785714286,0.1065848246216774,0.0,0.9999998807907104,1.0000001192092896,0.8934151530265808,0.8934151530265808,1.0,0.1065848246216774,0.0,0.8934151530265808,1.0000001192092896,22.13675880432129,26.192880630493164
12,32,0.85,mean_pooled_score,0.9044117647058824,0.94921875,0.05078125,0.0,0.0,1.0000001192092896,0.94921875,0.94921875,1.0,0.05078125,0.0,0.94921875,1.0000001192092896,23.514299392700195,26.25598907470703
12,32,0.85,oracle_block_mass,0.7867647058823529,0.88671875,0.11328125,0.0,0.9999998807907104,1.0000001192092896,0.88671875,0.88671875,1.0,0.11328125,0.0,0.88671875,1.0000001192092896,21.963781356811523,26.15573501586914
12,32,0.85,local_window,0.7720588235294118,0.87890625,0.12109375,0.0,0.9999999403953552,1.0000001192092896,0.87890625,0.87890625,1.0,0.12109375,0.0,0.87890625,1.0000001192092896,21.757761001586914,26.155271530151367
12,32,0.85,random,0.8503151260504201,0.9204799107142857,0.0795200914144516,0.0,0.0,1.0000001192092896,0.9204798936843872,0.9204798936843872,1.0,0.0795200914144516,0.0,0.9204798936843872,1.0000001192092896,22.79859733581543,26.21845245361328
12,32,0.9,mean_pooled_score,0.9558823529411765,0.9765625,0.0234375,0.0,0.0,1.0,0.9765625,0.9765625,1.0,0.0234375,0.0,0.9765625,1.0000001192092896,24.18381118774414,26.28990936279297
12,32,0.9,oracle_block_mass,0.8382352941176471,0.9140625,0.0859375,0.0,0.0,1.0000001192092896,0.9140625,0.9140625,1.0,0.0859375,0.0,0.9140625,1.0000001192092896,22.632951736450195,26.179370880126953
12,32,0.9,local_window,0.8823529411764706,0.9375,0.0625,0.0,0.0,1.0000001192092896,0.9375,0.9375,1.0,0.0625,0.0,0.9375,1.0000001192092896,23.201589584350586,26.201475143432617
12,32,0.9,random,0.9002100840336135,0.9469866071428571,0.0530133917927742,0.0,0.0,1.0000001192092896,0.9469866156578064,0.9469866156578064,1.0,0.0530133917927742,0.0,0.9469866156578064,1.0000001192092896,23.449003219604492,26.244922637939453
23,8,0.0,dense,0.0,0.4921875,0.5399095416069031,0.9999998211860657,1.0000001192092896,1.0000001192092896,0.4600904583930969,0.46215203404426575,1.0,0.552866518497467,0.0,0.48268088698387146,1.0,11.37764835357666,25.661428451538086
23,8,0.5,mean_pooled_score,0.523076923076923,0.7578125,0.26846832036972046,0.0,0.9999933838844299,1.0000001192092896,0.7315316796302795,0.7351341843605042,1.0,0.37318357825279236,0.0,0.9055856466293335,1.4720371961593628,17.888751983642578,26.42521858215332
23,8,0.5,oracle_block_mass,0.49230769230769234,0.7421875,0.30280059576034546,0.0,0.9999933242797852,1.0000001192092896,0.6971993446350098,0.6978551149368286,1.0,0.4160105884075165,0.0,0.8772392272949219,1.4375470876693726,17.022876739501953,26.2249698638916
23,8,0.5,local_window,0.25384615384615383,0.62109375,0.4024937152862549,0.0,1.0,1.0000001192092896,0.5975062251091003,0.5975255966186523,1.0,0.4314947724342346,0.0,0.6442312598228455,1.0000001192092896,14.645605087280273,25.90645980834961
23,8,0.5,random,0.501304945054945,0.7467564174107143,0.2705093324184418,0.002402334474027157,0.8711612820625305,1.0,0.7294906973838806,0.7280169725418091,1.0,0.42704129219055176,0.0,0.9772569537162781,1.6214505434036255,17.776033401489258,26.237592697143555
23,8,0.6,mean_pooled_score,0.6182692307692308,0.80615234375,0.2161947339773178,0.0,0.9240114092826843,1.0000001192092896,0.783805251121521,0.7860949635505676,1.0,0.32168468832969666,0.0,0.9606072306632996,1.4930522441864014,19.149477005004883,26.57691192626953
23,8,0.6,oracle_block_mass,0.5875,0.79052734375,0.2518079876899719,0.0,0.9524826407432556,1.0000001192092896,0.7481920123100281,0.7481557130813599,1.0,0.36774176359176636,0.0,0.9333258867263794,1.481734275817871,18.25029754638672,26.415403366088867
23,8,0.6,local_window,0.375,0.6826171875,0.33701422810554504,0.0,1.0,1.0000001192092896,0.6629858016967773,0.664572536945343,1.0,0.3668000102043152,0.0,0.7126902341842651,1.0000001192092896,16.221757888793945,26.08411407470703
23,8,0.6,random,0.5984546703296703,0.7960902622767857,0.21683740615844727,0.0,0.7437872290611267,1.0,0.7831625938415527,0.7827745676040649,1.0,0.38617223501205444,0.0,1.0585126876831055,1.7543461322784424,19.074689865112305,26.454769134521484
23,8,0.7,mean_pooled_score,0.7168269230769231,0.856201171875,0.16078248620033264,0.0,0.7166149616241455,1.0,0.8392175436019897,0.8364412188529968,1.0,0.26118677854537964,0.0,1.00558340549469,1.4863873720169067,20.49378776550293,26.75168228149414
23,8,0.7,oracle_block_mass,0.6855769230769231,0.84033203125,0.19468338787555695,0.0,0.777382493019104,1.0,0.8053165674209595,0.8086103796958923,1.0,0.31064048409461975,0.0,0.9959568977355957,1.5236585140228271,19.637035369873047,26.616716384887695
23,8,0.7,local_window,0.49759615384615385,0.744873046875,0.27057376503944397,0.0,1.0,1.0000001192092896,0.7294262647628784,0.7321681380271912,1.0,0.3007006049156189,0.0,0.7811180949211121,1.0000001192092896,17.824636459350586,26.229795455932617
23,8,0.7,random,0.6964972527472528,0.8458775111607143,0.16334760189056396,0.0,0.6049379706382751,0.9999984502792358,0.836652398109436,0.838931143283844,1.0,0.3315264880657196,0.0,1.1211284399032593,1.8244673013687134,20.37760353088379,26.656435012817383
23,8,0.8,mean_pooled_score,0.8182692307692307,0.90771484375,0.10593714565038681,0.0,0.4822865128517151,0.9998103380203247,0.8940628170967102,0.8878600001335144,1.0,0.19822773337364197,0.0,1.0446826219558716,1.4584259986877441,21.825130462646484,26.87711524963379
23,8,0.8,oracle_block_mass,0.7875,0.89208984375,0.13877971470355988,0.0,0.5774861574172974,1.0,0.8612203001976013,0.8660880327224731,1.0,0.24863673746585846,0.0,1.0454038381576538,1.5494498014450073,20.993762969970703,26.83098793029785
23,8,0.8,local_window,0.6625,0.82861328125,0.18098504841327667,0.0,0.9999999403953552,1.0000001192092896,0.8190149664878845,0.8240382075309753,1.0,0.20922884345054626,0.0,0.872404932975769,1.0000001192092896,19.998523712158203,26.577394485473633
23,8,0.8,random,0.7989354395604396,0.8978969029017857,0.11082209646701813,0.0,0.4317917823791504,0.9998161196708679,0.8891779184341431,0.8940863013267517,1.0,0.25800517201423645,0.0,1.14665949344635,1.844671607017517,21.660823822021484,26.802995681762695
23,8,0.85,mean_pooled_score,0.8658653846153846,0.931884765625,0.08079200983047485,0.0,0.34513232111930847,0.9606777429580688,0.9192080497741699,0.9130695462226868,1.0,0.16616985201835632,0.0,1.056607961654663,1.4404457807540894,22.43574333190918,26.949546813964844
23,8,0.85,oracle_block_mass,0.8350961538461539,0.916259765625,0.11003054678440094,0.0,0.467161625623703,0.9999998807907104,0.8899694085121155,0.8963959813117981,1.0,0.2093120664358139,0.0,1.0604913234710693,1.5374807119369507,21.69677734375,26.86983299255371
23,8,0.85,local_window,0.7403846153846154,0.8681640625,0.13941273093223572,0.0,0.9145800471305847,1.0000001192092896,0.8605872392654419,0.861811101436615,1.0,0.1706085056066513,0.0,0.9145339727401733,1.0000001192092896,21.006101608276367,26.739910125732422
23,8,0.85,random,0.8489697802197802,0.9233049665178571,0.08503875881433487,0.0,0.32435858249664307,0.9957377910614014,0.9149612784385681,0.9204496145248413,1.0,0.2118525505065918,0.0,1.1411669254302979,1.832801342010498,22.296184539794922,26.859710693359375
23,8,0.9,mean_pooled_score,0.9163461538461538,0.95751953125,0.04791241139173508,0.0,0.16577847301959991,0.79850834608078,0.9520875811576843,0.9466381072998047,1.0,0.11820107698440552,0.0,1.0661450624465942,1.3721745014190674,23.24179458618164,27.051912307739258
23,8,0.9,oracle_block_mass,0.885576923076923,0.94189453125,0.07833387702703476,0.0,0.3285542130470276,0.9992717504501343,0.921666145324707,0.9291223287582397,1.0,0.16313371062278748,0.0,1.0710108280181885,1.5266367197036743,22.47305679321289,26.94195556640625
23,8,0.9,local_window,0.8225961538461538,0.909912109375,0.09516121447086334,0.0,0.46618208289146423,1.0,0.9048387408256531,0.9074724316596985,1.0,0.12576912343502045,0.0,0.9581150412559509,1.0000001192092896,22.082080841064453,26.858243942260742
23,8,0.9,random,0.8995879120879121,0.9490094866071429,0.05681591480970383,0.0,0.19974543154239655,0.8854464292526245,0.9431840777397156,0.9477885365486145,1.0,0.15480665862560272,0.0,1.120185136795044,1.7802238464355469,23.00102424621582,26.94508171081543
23,16,0.0,dense,0.0,0.484375,0.52595055103302,0.9999998807907104,1.0,1.0000001192092896,0.47404947876930237,0.47376179695129395,1.0,0.5294061303138733,0.0,0.47934895753860474,1.0,11.729109764099121,25.696401596069336
23,16,0.5,mean_pooled_score,0.5454545454545454,0.765625,0.244392991065979,0.0,1.0,1.0000001192092896,0.7556070685386658,0.7537122964859009,1.0,0.27646979689598083,0.0,0.8090656399726868,1.0000001192092896,18.52243423461914,26.50641632080078
23,16,0.5,oracle_block_mass,0.48484848484848486,0.734375,0.2737535238265991,0.0,1.0,1.0000001192092896,0.7262464165687561,0.7253260016441345,1.0,0.3054125905036926,0.0,0.7793623208999634,1.0000001192092896,17.799259185791016,26.277923583984375
23,16,0.5,local_window,0.25757575757575757,0.6171875,0.39022132754325867,0.0,1.0,1.0000001192092896,0.6097787022590637,0.6087378263473511,1.0,0.4005274176597595,0.0,0.6258072257041931,1.0000001192092896,14.965472221374512,25.962207794189453
23,16,0.5,random,0.5047348484848485,0.74462890625,0.26273971796035767,0.0,1.0,1.0000001192092896,0.7372602820396423,0.7301506996154785,1.0,0.3224928379058838,0.0,0.8295707702636719,1.0000001192092896,18.046777725219727,26.28423309326172
23,16,0.6,mean_pooled_score,0.6363636363636364,0.8125,0.19588401913642883,0.0,0.9999999403953552,1.0000001192092896,0.8041159510612488,0.8017849326133728,1.0,0.22542305290699005,0.0,0.8523725867271423,1.0000001192092896,19.690797805786133,26.67576789855957
23,16,0.6,oracle_block_mass,0.5757575757575757,0.78125,0.2305053323507309,0.0,1.0,1.0000001192092896,0.7694946527481079,0.7677467465400696,1.0,0.265335351228714,0.0,0.8255406022071838,1.0000001192092896,18.839059829711914,26.457714080810547
23,16,0.6,local_window,0.3977272727272727,0.689453125,0.31605297327041626,0.0,1.0,1.0000001192092896,0.683946967124939,0.6838550567626953,1.0,0.32601746916770935,0.0,0.6999252438545227,1.0000001192092896,16.74837303161621,26.149761199951172
23,16,0.6,random,0.6025432900432901,0.7950613839285714,0.20951597392559052,0.0,0.9999999403953552,1.0000001192092896,0.7904840111732483,0.7835882902145386,1.0,0.26750707626342773,0.0,0.8803542256355286,1.0000001192092896,19.341785430908203,26.554088592529297
23,16,0.7,mean_pooled_score,0.7329545454545454,0.8623046875,0.14577294886112213,0.0,0.9981917142868042,1.0000001192092896,0.8542270660400391,0.852100670337677,1.0,0.1724872589111328,0.0,0.8976283073425293,1.0000001192092896,20.9002685546875,26.82198715209961
23,16,0.7,oracle_block_mass,0.6723484848484849,0.8310546875,0.176714226603508,0.0,0.9999999403953552,1.0000001192092896,0.8232857584953308,0.8203027844429016,1.0,0.20738348364830017,0.0,0.8721574544906616,1.0000001192092896,20.143798828125,26.680017471313477
23,16,0.7,local_window,0.5227272727272727,0.75390625,0.25042659044265747,0.0,1.0,1.0000001192092896,0.7495734095573425,0.747963011264801,1.0,0.2607094645500183,0.0,0.7647718787193298,1.0000001192092896,18.333894729614258,26.29835319519043
23,16,0.7,random,0.7010281385281385,0.8458426339285714,0.15819953382015228,0.0,0.9170657992362976,1.0000001192092896,0.8418005108833313,0.8362593054771423,1.0,0.20853905379772186,0.0,0.920068621635437,1.0000001192092896,20.585407257080078,26.75023651123047
23,16,0.8,mean_pooled_score,0.8352272727272727,0.9150390625,0.08906330913305283,0.0,0.3091466724872589,1.0,0.9109366536140442,0.9083486795425415,1.0,0.11223852634429932,0.0,0.9460363984107971,1.0000001192092896,22.27126121520996,26.91237449645996
23,16,0.8,oracle_block_mass,0.7746212121212122,0.8837890625,0.12327200919389725,0.0,0.7884891629219055,1.0000001192092896,0.8767279982566833,0.872818112373352,1.0,0.15218603610992432,0.0,0.9214247465133667,1.0000001192092896,21.434110641479492,26.846399307250977
23,16,0.8,local_window,0.6647727272727273,0.8271484375,0.17520730197429657,0.0,1.0,1.0000001192092896,0.8247926831245422,0.8244336247444153,1.0,0.1843794882297516,0.0,0.8409916162490845,1.0000001192092896,20.153379440307617,26.60519790649414
23,16,0.8,random,0.8008658008658008,0.8973214285714286,0.10452372580766678,0.0,0.6032033562660217,1.0,0.8954762816429138,0.8915037512779236,1.0,0.14272363483905792,0.0,0.9547361135482788,1.0000001192092896,21.888437271118164,26.878700256347656
23,16,0.85,mean_pooled_score,0.8806818181818181,0.9384765625,0.06374377012252808,0.0,0.0,1.0,0.9362562894821167,0.9332460165023804,1.0,0.08357000350952148,0.0,0.9658439755439758,1.0000001192092896,22.88730812072754,26.97661590576172
23,16,0.85,oracle_block_mass,0.8200757575757576,0.9072265625,0.10006260126829147,0.0,0.5290887355804443,1.0000001192092896,0.8999374508857727,0.8960984349250793,1.0,0.1263430267572403,0.0,0.9414764046669006,1.0000001192092896,21.996673583984375,26.873180389404297
23,16,0.85,local_window,0.7689393939393939,0.880859375,0.12085501104593277,0.0,0.9999998807907104,1.0000001192092896,0.8791450262069702,0.8788498640060425,1.0,0.13066348433494568,0.0,0.8950086236000061,1.0000001192092896,21.469478607177734,26.802995681762695
23,16,0.85,random,0.8509199134199135,0.9231305803571429,0.077243871986866,0.0,0.2233835905790329,1.0,0.9227561354637146,0.9203110337257385,1.0,0.1077958196401596,0.0,0.9712098240852356,1.0000001192092896,22.551570892333984,26.954025268554688
23,16,0.9,mean_pooled_score,0.9318181818181819,0.96484375,0.03660207241773605,0.0,0.0,1.0,0.9633979201316833,0.961341917514801,1.0,0.05049612373113632,0.0,0.9844130873680115,1.0000001192092896,23.54557228088379,27.071361541748047
23,16,0.9,oracle_block_mass,0.8712121212121212,0.93359375,0.07287228107452393,0.0,0.05602817237377167,1.0,0.9271277785301208,0.9239243268966675,1.0,0.09555603563785553,0.0,0.9620957970619202,1.0000001192092896,22.656869888305664,26.936376571655273
23,16,0.9,local_window,0.8238636363636364,0.9091796875,0.09158478677272797,0.0,0.15255434811115265,1.0000001192092896,0.9084151983261108,0.9072407484054565,1.0,0.10059420764446259,0.0,0.9242523312568665,1.0000001192092896,22.186155319213867,26.869474411010742
23,16,0.9,random,0.8994859307359307,0.9481724330357143,0.04921242967247963,0.0,0.0,1.0,0.9507876038551331,0.9492496848106384,1.0,0.07213275879621506,0.0,0.9876521825790405,1.0000001192092896,23.235660552978516,27.053701400756836
23,32,0.0,dense,0.0,0.46875,0.53125,0.9999998807907104,1.0000001192092896,1.0000001192092896,0.46875,0.46875,1.0,0.53125,0.0,0.46875,1.0,11.5953950881958,25.665740966796875
23,32,0.5,mean_pooled_score,0.5882352941176471,0.78125,0.21875,0.0,1.0,1.0000001192092896,0.78125,0.78125,1.0,0.21875,0.0,0.78125,1.0000001192092896,19.163652420043945,26.55635643005371
23,32,0.5,oracle_block_mass,0.47058823529411764,0.71875,0.28125,0.0,1.0,1.0000001192092896,0.71875,0.71875,1.0,0.28125,0.0,0.71875,1.0000001192092896,17.6334171295166,26.244773864746094
23,32,0.5,local_window,0.2647058823529411,0.609375,0.390625,0.0,1.0,1.0000001192092896,0.609375,0.609375,1.0,0.390625,0.0,0.609375,1.0000001192092896,14.958210945129395,25.945114135742188
23,32,0.5,random,0.49369747899159666,0.7310267857142857,0.2689732015132904,0.0,1.0,1.0000001192092896,0.7310267686843872,0.7310267686843872,1.0,0.2689732015132904,0.0,0.7310267686843872,1.0000001192092896,17.93915367126465,26.287282943725586
23,32,0.6,mean_pooled_score,0.6691176470588236,0.82421875,0.17578125,0.0,1.0,1.0000001192092896,0.82421875,0.82421875,1.0,0.17578125,0.0,0.82421875,1.0000001192092896,20.1988525390625,26.702640533447266
23,32,0.6,oracle_block_mass,0.5514705882352942,0.76171875,0.23828125,0.0,1.0,1.0000001192092896,0.76171875,0.76171875,1.0,0.23828125,0.0,0.76171875,1.0000001192092896,18.66837501525879,26.420616149902344
23,32,0.6,local_window,0.40441176470588236,0.68359375,0.31640625,0.0,1.0,1.0000001192092896,0.68359375,0.68359375,1.0,0.31640625,0.0,0.68359375,1.0000001192092896,16.740428924560547,26.156709671020508
23,32,0.6,random,0.5919117647058824,0.783203125,0.216796875,0.0,1.0,1.0000001192092896,0.783203125,0.783203125,1.0,0.216796875,0.0,0.783203125,1.0000001192092896,19.206233978271484,26.540353775024414
23,32,0.7,mean_pooled_score,0.7647058823529411,0.875,0.125,0.0,0.9999999403953552,1.0000001192092896,0.875,0.875,1.0,0.125,0.0,0.875,1.0000001192092896,21.427518844604492,26.849836349487305
23,32,0.7,oracle_block_mass,0.6470588235294117,0.8125,0.1875,0.0,1.0,1.0000001192092896,0.8125,0.8125,1.0,0.1875,0.0,0.8125,1.0000001192092896,19.893938064575195,26.55635643005371
23,32,0.7,local_window,0.5735294117647058,0.7734375,0.2265625,0.0,1.0,1.0000001192092896,0.7734375,0.7734375,1.0,0.2265625,0.0,0.7734375,1.0000001192092896,18.912492752075195,26.420616149902344
23,32,0.7,random,0.6938025210084033,0.8373325892857143,0.1626674085855484,0.0,1.0,1.0000001192092896,0.8373326063156128,0.8373326063156128,1.0,0.1626674085855484,0.0,0.8373326063156128,1.0000001192092896,20.51300048828125,26.75428009033203
23,32,0.8,mean_pooled_score,0.8676470588235294,0.9296875,0.0703125,0.0,0.0,1.0000001192092896,0.9296875,0.9296875,1.0,0.0703125,0.0,0.9296875,1.0000001192092896,22.74354362487793,26.969404220581055
23,32,0.8,oracle_block_mass,0.75,0.8671875,0.1328125,0.0,0.9999999403953552,1.0000001192092896,0.8671875,0.8671875,1.0,0.1328125,0.0,0.8671875,1.0000001192092896,21.212862014770508,26.749574661254883
23,32,0.8,local_window,0.6691176470588236,0.82421875,0.17578125,0.0,1.0,1.0000001192092896,0.82421875,0.82421875,1.0,0.17578125,0.0,0.82421875,1.0000001192092896,20.14120101928711,26.581796646118164
23,32,0.8,random,0.7993697478991597,0.8934151785714286,0.1065848246216774,0.0,0.9999998807907104,1.0000001192092896,0.8934151530265808,0.8934151530265808,1.0,0.1065848246216774,0.0,0.8934151530265808,1.0000001192092896,21.869747161865234,26.894956588745117
23,32,0.85,mean_pooled_score,0.9044117647058824,0.94921875,0.05078125,0.0,0.0,1.0000001192092896,0.94921875,0.94921875,1.0,0.05078125,0.0,0.94921875,1.0000001192092896,23.213422775268555,27.020612716674805
23,32,0.85,oracle_block_mass,0.7867647058823529,0.88671875,0.11328125,0.0,0.9999998807907104,1.0000001192092896,0.88671875,0.88671875,1.0,0.11328125,0.0,0.88671875,1.0000001192092896,21.68316078186035,26.79151153564453
23,32,0.85,local_window,0.7720588235294118,0.87890625,0.12109375,0.0,0.9999999403953552,1.0000001192092896,0.87890625,0.87890625,1.0,0.12109375,0.0,0.87890625,1.0000001192092896,21.469791412353516,26.761240005493164
23,32,0.85,random,0.8503151260504201,0.9204799107142857,0.0795200914144516,0.0,0.0,1.0000001192092896,0.9204798936843872,0.9204798936843872,1.0,0.0795200914144516,0.0,0.9204798936843872,1.0000001192092896,22.5211181640625,26.96976089477539
23,32,0.9,mean_pooled_score,0.9558823529411765,0.9765625,0.0234375,0.0,0.0,1.0,0.9765625,0.9765625,1.0,0.0234375,0.0,0.9765625,1.0000001192092896,23.871801376342773,27.09255027770996
23,32,0.9,oracle_block_mass,0.8382352941176471,0.9140625,0.0859375,0.0,0.0,1.0000001192092896,0.9140625,0.9140625,1.0,0.0859375,0.0,0.9140625,1.0000001192092896,22.341115951538086,26.857479095458984
23,32,0.9,local_window,0.8823529411764706,0.9375,0.0625,0.0,0.0,1.0000001192092896,0.9375,0.9375,1.0,0.0625,0.0,0.9375,1.0000001192092896,22.897905349731445,26.8884334564209
23,32,0.9,random,0.9002100840336135,0.9469866071428571,0.0530133917927742,0.0,0.0,1.0000001192092896,0.9469866156578064,0.9469866156578064,1.0,0.0530133917927742,0.0,0.9469866156578064,1.0000001192092896,23.15513038635254,27.04166030883789
